"Count","Locations","Forest","Lag_temp_center","Lag_temp_power","NDVI","Pop","Rice","Water"
32,"Dan Phuong",0.0859375,-4.65335988998413,21.6537590026855,0.31725412607193,8.23838233947754,0.35546875,0
4,"Dan Phuong",0.12109375,-4.09302091598511,16.7528209686279,0.338406920433044,8.82921409606934,0.51171875,0
43,"Dan Phuong",0.11328125,-4.18476629257202,17.5122699737549,0.32991161942482,8.90786361694336,0.46484375,0
0,"Dan Phuong",0.1484375,-3.59039068222046,12.8909063339233,0.355178534984589,11.3114986419678,0.68359375,0
11,"Dan Phuong",0.1015625,-2.82020902633667,7.95357942581177,0.338546693325043,12.1642379760742,0.57421875,0
0,"Dan Phuong",0.09375,-3.09104108810425,9.55453586578369,0.342778503894806,12.2466506958008,0.59765625,0
0,"Dan Phuong",0.046875,-2.61791563034058,6.85348272323608,0.294223546981812,10.5518007278442,0.48046875,0
49,"Dan Phuong",0.03125,-1.78007662296295,3.16867280006409,0.315688520669937,9.70789337158203,0.34375,0
5,"Dan Phuong",0.01171875,-1.38859331607819,1.92819130420685,0.28846150636673,12.9189853668213,0.19140625,0
17,"Dan Phuong",0.2109375,-0.694062829017639,0.481723189353943,0.350766986608505,14.1533727645874,0.66015625,0
2,"Dan Phuong",0,-1.19793093204498,1.43503844738007,0.187580406665802,9.3163948059082,0.7734375,0
1,"Dan Phuong",0.00390625,-1.7593742609024,3.09539771080017,0.174853324890137,15.9041681289673,0.07421875,0.05078125
1,"Dan Phuong",0.00390625,-1.76617205142975,3.11936354637146,0.176742166280746,16.3025741577148,0.09375,0.05859375
10,"Dan Phuong",0.01171875,-1.82800829410553,3.34161424636841,0.188635721802711,18.4550914764404,0.19140625,0.10546875
3,"Dan Phuong",0.01171875,-1.83625185489655,3.37182068824768,0.191531896591187,18.9816799163818,0.22265625,0.1171875
8,"Dan Phuong",0,-1.64847719669342,2.71747708320618,0.177461326122284,17.9169387817383,0.08203125,0.0625
21,"Dan Phuong",0.0078125,-1.66812670230865,2.78264665603638,0.187009066343307,20.992094039917,0.15234375,0.1015625
8,"Dan Phuong",0.015625,-1.50000154972076,2.250004529953,0.195167526602745,0,0.203125,0.1328125
6,"Dan Phuong",0.015625,-1.50000154972076,2.250004529953,0.197557806968689,0,0.2265625,0.14453125
1,"Dan Phuong",0.01171875,-1.98808443546295,3.95247960090637,0.153719440102577,7.78089284896851,0.60546875,0.203125
0,"Dan Phuong",0.01953125,-1.50000154972076,2.250004529953,0.195536836981773,28.0007343292236,0.1953125,0.12109375
126,"Dan Phuong",0.05078125,-0.54968798160553,0.302156865596771,0.310279190540314,11.9308881759644,0.19140625,0
1,"Dan Phuong",0.03515625,-1.51339876651764,2.29037570953369,0.202674806118011,37.6865310668945,0.17578125,0.12890625
86,"Dan Phuong",0.20703125,-0.910935997962952,0.829804360866547,0.253637194633484,11.0808334350586,0.2890625,0
16,"Dan Phuong",0.01953125,-0.466992944478989,0.218082413077354,0.219327539205551,11.8374156951904,0.5390625,0.01953125
12,"Dan Phuong",0.03125,-0.0515228286385536,0.00265460181981325,0.212342783808708,11.6817646026611,0.53515625,0.02734375
396,"Dan Phuong",0.015625,-0.440000146627426,0.193600133061409,0.211786150932312,11.9409418106079,0.48828125,0.0078125
10,"Dan Phuong",0.1796875,-0.844529747962952,0.713230431079865,0.286984741687775,12.7851581573486,0.51171875,0.0234375
3,"Dan Phuong",0.015625,0.211561590433121,0.0447583049535751,0.194714322686195,12.0053606033325,0.265625,0.03515625
5,"Dan Phuong",0.01171875,-0.00999984703958035,9.99969488475472e-05,0.147290974855423,15.8603973388672,0.16796875,0
14,"Dan Phuong",0.03125,0.956446051597595,0.914789080619812,0.191194072365761,11.1888656616211,0.10546875,0
9,"Dan Phuong",0.0703125,0.928789496421814,0.862649977207184,0.199441075325012,11.4759654998779,0.15234375,0
54,"Dan Phuong",0.03125,0.78917920589447,0.622803866863251,0.185258001089096,11.4710865020752,0.0859375,0.01953125
0,"Dan Phuong",0.03515625,0.964727759361267,0.930699706077576,0.19245882332325,11.2542552947998,0.09765625,0
4,"Dan Phuong",0.01171875,0.963945746421814,0.929191470146179,0.184762179851532,11.1927928924561,0.0703125,0
0,"Dan Phuong",0.0703125,0.428438574075699,0.183559611439705,0.192445755004883,13.8608236312866,0.40625,0
0,"Dan Phuong",0.078125,0.75093686580658,0.563906192779541,0.192625477910042,13.9428806304932,0.1796875,0
3,"Dan Phuong",0.09765625,-0.0935150161385536,0.00874505750834942,0.238348439335823,11.8560695648193,0.55078125,0.12890625
1,"Dan Phuong",0.0625,0.0667594894766808,0.00445682974532247,0.136829808354378,13.3970546722412,0.78515625,0.01953125
3,"Dan Phuong",0.078125,0.0893768295645714,0.00798821821808815,0.168910816311836,13.923620223999,0.703125,0.140625
0,"Bac Tu Liem",0.01953125,0.217031866312027,0.047102827578783,0.137864857912064,21.1578941345215,0.15625,0.00390625
69,"Dan Phuong",0.0859375,0.339998632669449,0.115599066019058,0.147771179676056,13.5219268798828,0.7734375,0
175,"Dan Phuong",0.0078125,-0.668748497962952,0.447224527597427,0.279419898986816,12.820255279541,0.31640625,0
154,"Dan Phuong",0.01171875,0.288748174905777,0.0833755061030388,0.134763866662979,14.2011184692383,0.0703125,0
13,"Dan Phuong",0.0078125,0.284063726663589,0.0806921944022179,0.134451061487198,14.1974430084229,0.05078125,0
9,"Dan Phuong",0.0078125,0.279688268899918,0.0782255232334137,0.134155631065369,14.1937675476074,0.03515625,0
6,"Dan Phuong",0.0859375,-0.25484237074852,0.0649446398019791,0.12605494260788,14.4767208099365,0.51953125,0.00390625
1,"Bac Tu Liem",0.03125,0.102266691625118,0.0104584768414497,0.136957898736,20.0276165008545,0.1484375,0.00390625
4,"Bac Tu Liem",0.03125,0.0537094101309776,0.00288470089435577,0.137721955776215,20.2417335510254,0.16796875,0
3,"Dan Phuong",0,0.261560827493668,0.0684140622615814,0.133855670690536,14.2852048873901,0,0.00390625
23,"Bac Tu Liem",0.03125,-0.0433975234627724,0.001883344957605,0.137761414051056,20.045166015625,0.171875,0
4,"Dan Phuong",0.01953125,-0.881196618080139,0.776507437229156,0.315596640110016,13.6611928939819,0.5,0.02734375
0,"Dan Phuong",0.0234375,0.135000616312027,0.0182251650840044,0.134644508361816,14.7408056259155,0.19140625,0
1,"Dan Phuong",0.01953125,0.131563574075699,0.0173089727759361,0.13436858355999,14.7540521621704,0.15625,0
0,"Dan Phuong",0.03125,0.0618766769766808,0.00382872344926,0.134785264730453,14.8642606735229,0.22265625,0.00390625
0,"Bac Tu Liem",0.0546875,-0.347032159566879,0.120431326329708,0.132915169000626,18.1261024475098,0.0703125,0
25,"Bac Tu Liem",0.0546875,-0.416249841451645,0.173263937234879,0.133419364690781,18.5096969604492,0.09765625,0
5,"Dan Phuong",0.12890625,-0.0651947036385536,0.00425034901127219,0.142799973487854,13.7836666107178,0.671875,0.0078125
7,"Bac Tu Liem",0.00390625,0.0629295334219933,0.00396012654528022,0.130906194448471,14.1981182098389,0.03515625,0
14,"Bac Tu Liem",0.00390625,0.0510925278067589,0.00261044665239751,0.130622237920761,14.1973237991333,0.015625,0
3,"Bac Tu Liem",0.1484375,-0.87113344669342,0.758873462677002,0.136328384280205,18.8407669067383,0.25,0.00390625
0,"Bac Tu Liem",0.05859375,-0.531484246253967,0.282475471496582,0.130944266915321,16.2546882629395,0.078125,0.00390625
0,"Bac Tu Liem",0.1484375,-0.935155510902405,0.874515771865845,0.135643482208252,18.5772380828857,0.23828125,0.00390625
1,"Dan Phuong",0.1328125,-0.378945916891098,0.143600016832352,0.143230795860291,13.6210355758667,0.6953125,0.00390625
6,"Bac Tu Liem",0.06640625,-0.54675829410553,0.298944592475891,0.131158992648125,15.3630895614624,0.0859375,0
2,"Bac Tu Liem",0.06640625,-0.614102959632874,0.377122402191162,0.131168991327286,15.783130645752,0.09765625,0.00390625
7,"Bac Tu Liem",0.078125,-3.20962285995483,10.3016796112061,0.142094999551773,11.2896213531494,0.57421875,0.05078125
6,"Bac Tu Liem",0.3046875,-1.15812456607819,1.34125244617462,0.141028836369514,17.4843444824219,0.296875,0.00390625
10,"Dan Phuong",0.18359375,-0.00515518197789788,2.65759008470923e-05,0.12092037498951,13.8030691146851,0.5234375,0.00390625
0,"Bac Tu Liem",0.3125,-1.19125139713287,1.41907978057861,0.140448376536369,17.2906265258789,0.26953125,0.00390625
0,"Bac Tu Liem",0.328125,-1.19125139713287,1.41907978057861,0.141441941261292,17.1518707275391,0.25390625,0.00390625
4,"Bac Tu Liem",0.00390625,-1.59166491031647,2.53339719772339,0.151955425739288,125.165832519531,0.0234375,0.01171875
0,"Bac Tu Liem",0.0234375,-1.57565081119537,2.48267531394958,0.150226891040802,121.80485534668,0.03515625,0.0234375
6,"Bac Tu Liem",0.1328125,-1.10863268375397,1.22906637191772,0.133153408765793,14.6338119506836,0.328125,0.00390625
3,"Bac Tu Liem",0.0234375,-1.47598803043365,2.17854070663452,0.152821287512779,122.114234924316,0.046875,0.01953125
3,"Bac Tu Liem",0.0234375,-1.45997393131256,2.13152384757996,0.15251313149929,120.16389465332,0.05078125,0.01953125
5,"Bac Tu Liem",0.0234375,-1.43861925601959,2.06962537765503,0.152546852827072,118.456390380859,0.05859375,0.01953125
14,"Bac Tu Liem",0.0234375,-1.32117235660553,1.74549639225006,0.152015745639801,113.08194732666,0.06640625,0.01953125
2,"Bac Tu Liem",0.0234375,-1.26778566837311,1.60728049278259,0.152345508337021,111.122535705566,0.0625,0.01953125
2,"Bac Tu Liem",0.0234375,-1.20906221866608,1.46183145046234,0.152730345726013,109.163116455078,0.0625,0.01953125
2,"Bac Tu Liem",0.07421875,-1.38166582584381,1.90900039672852,0.159425243735313,126.474113464355,0.16015625,0.03125
1,"Bac Tu Liem",0.01171875,-0.52802050113678,0.278805613517761,0.15388748049736,98.5994720458984,0.046875,0
2,"Bac Tu Liem",0.01171875,-0.331353753805161,0.109795317053795,0.156815886497498,91.5576019287109,0.046875,0
0,"Bac Tu Liem",0,-0.280053704977036,0.0784300789237022,0.156327158212662,92.5073089599609,0.03515625,0
1,"Dan Phuong",0.046875,0.216875463724136,0.047034963965416,0.122301861643791,14.4742374420166,0.671875,0.015625
0,"Bac Tu Liem",0.3203125,-1.3900009393692,1.93210256099701,0.139170080423355,16.384952545166,0.2890625,0.00390625
0,"Bac Tu Liem",0.0078125,-1.01160204410553,1.02333867549896,0.121624648571014,111.101600646973,0.0859375,0.1953125
6,"Bac Tu Liem",0.1171875,-1.06666719913483,1.13777887821198,0.16044707596302,98.338134765625,0.203125,0.03125
0,"Bac Tu Liem",0.33203125,-1.39847719669342,1.95573842525482,0.14004673063755,15.4676742553711,0.29296875,0.00390625
294,"Dan Phuong",0.00390625,0.829412817955017,0.687925636768341,0.236571207642555,72.8152542114258,0.03125,0
7,"Bac Tu Liem",0.35546875,-1.3900009393692,1.93210256099701,0.138995826244354,12.9343957901001,0.49609375,0
53,"Bac Tu Liem",0.31640625,-1.40412676334381,1.97157192230225,0.140420734882355,15.1637096405029,0.30078125,0.00390625
8,"Bac Tu Liem",0.0390625,0.47654190659523,0.227092176675797,0.167744666337967,120.524688720703,0.08203125,0
5,"Dan Phuong",0.0234375,-0.0178123470395803,0.00031727971509099,0.282774358987808,43.2564849853516,0.15625,0.0078125
15,"Bac Tu Liem",0.046875,0.404901891946793,0.163945540785789,0.171359091997147,93.265998840332,0.10546875,0
8,"Bac Tu Liem",0.10546875,-1.06132662296295,1.12641417980194,0.16010856628418,75.815071105957,0.21484375,0.02734375
14,"Bac Tu Liem",0.10546875,-1.04531252384186,1.09267818927765,0.15974497795105,77.0499038696289,0.2265625,0.02734375
4,"Dan Phuong",0.01171875,1.36667859554291,1.86781048774719,0.234084725379944,80.719482421875,0,0
4,"Dan Phuong",0.02734375,1.23580777645111,1.52722096443176,0.245136588811874,70.7463531494141,0,0
2,"Bac Tu Liem",0.09375,-2.94000005722046,8.64360046386719,0.160766780376434,15.9689245223999,0.296875,0
2,"Bac Tu Liem",0.0625,0.219923406839371,0.0483663007616997,0.161029249429703,41.3469696044922,0.12109375,0
2,"Dan Phuong",0.00390625,1.47593915462494,2.17839646339417,0.225814074277878,85.6579284667969,0,0
20,"Dan Phuong",0.02734375,-1.33371126651764,1.77878570556641,0.126824244856834,13.6661415100098,0.87890625,0.09375
4,"Bac Tu Liem",0.16796875,-1.73575365543365,3.01284074783325,0.148634687066078,13.2339534759521,0.171875,0.00390625
1,"Bac Tu Liem",0.07421875,0.434999853372574,0.189224869012833,0.16759480535984,37.4567985534668,0.09375,0
18,"Dan Phuong",0.0078125,0.404375463724136,0.163519516587257,0.113607689738274,18.824951171875,0.4140625,0.00390625
0,"Bac Tu Liem",0.0390625,-2.46187353134155,6.06082153320312,0.149924755096436,13.7428665161133,0.17578125,0
0,"Dan Phuong",0,1.17960965633392,1.39147901535034,0.215139746665955,78.7060317993164,0.00390625,0
24,"Bac Tu Liem",0.03515625,-1.70322954654694,2.9009907245636,0.151206240057945,13.0420532226562,0.18359375,0.00390625
2,"Bac Tu Liem",0.05078125,-2.26937627792358,5.15006923675537,0.151381716132164,12.4603061676025,0.09375,0
18,"Dan Phuong",0,1.10078275203705,1.21172273159027,0.219582587480545,68.8806304931641,0.03515625,0
24,"Bac Tu Liem",0.09765625,-1.56276094913483,2.44222164154053,0.150733292102814,12.1283617019653,0.2265625,0
0,"Bac Tu Liem",0.0625,-2.17281103134155,4.72110795974731,0.151538729667664,12.127965927124,0.13671875,0
2,"Dan Phuong",0.0078125,0.431875616312027,0.186516538262367,0.111740857362747,19.4465751647949,0.42578125,0.015625
0,"Dan Phuong",0.01953125,0.0918754562735558,0.00844109989702702,0.119459614157677,17.7846736907959,0.0625,0
17,"Bac Tu Liem",0.05859375,-1.53208315372467,2.34727883338928,0.15279184281826,12.3293018341064,0.35546875,0
2,"Bac Tu Liem",0.125,-1.95906221866608,3.83792471885681,0.159983724355698,11.3964262008667,0.2890625,0
1,"Dan Phuong",0.0078125,0.734960913658142,0.540167570114136,0.227103009819984,64.4361267089844,0.0234375,0
4,"Dan Phuong",0.04296875,0.874685645103455,0.765075027942657,0.164240926504135,27.5761489868164,0.14453125,0
2,"Dan Phuong",0.0546875,0.862966895103455,0.744711875915527,0.163277491927147,27.2144966125488,0.17578125,0
0,"Dan Phuong",0.04296875,0.0474990829825401,0.00225616293027997,0.120591856539249,17.9828796386719,0.171875,0
2,"Dan Phuong",0,0.453478246927261,0.205642521381378,0.224544435739517,69.3694381713867,0.01171875,0
2,"Dan Phuong",0.0078125,0.494959264993668,0.244984671473503,0.230942502617836,60.7500686645508,0.05078125,0
2,"Dan Phuong",0.06640625,0.0339569076895714,0.00115307164378464,0.12118573486805,18.0488510131836,0.19921875,0
0,"Dan Phuong",0,0.355467230081558,0.126356944441795,0.226217836141586,66.3788452148438,0.01953125,0
3,"Dan Phuong",0.12109375,0.708750128746033,0.502326786518097,0.150026321411133,22.8139190673828,0.50390625,0.01171875
10,"Dan Phuong",0,0.121405027806759,0.0147391809150577,0.22992354631424,64.5562744140625,0.015625,0
1,"Dan Phuong",0,0.121874235570431,0.014853329397738,0.231886774301529,64.6231079101562,0.015625,0.015625
30,"Dan Phuong",0.02734375,0.120001219213009,0.0144002931192517,0.245989441871643,53.5887260437012,0.10546875,0
9,"Dan Phuong",0.01171875,0.121405027806759,0.0147391809150577,0.235823601484299,63.7625312805176,0.03125,0.01953125
3,"Dan Phuong",0.01171875,0.120821379125118,0.014597806148231,0.238238215446472,63.3031044006348,0.03515625,0.00390625
0,"Dan Phuong",0.03515625,0.120001219213009,0.0144002931192517,0.249684631824493,53.1013259887695,0.12890625,0
2,"Dan Phuong",0.03515625,0.120001219213009,0.0144002931192517,0.253516793251038,48.016357421875,0.234375,0
22,"Bac Tu Liem",0.05078125,0.97456967830658,0.949786126613617,0.15414747595787,45.7801513671875,0.34765625,0
12,"Dan Phuong",0.16015625,0.0229705814272165,0.000527647614944726,0.118441395461559,61.9095420837402,0.38671875,0
0,"Bac Tu Liem",0.05859375,0.918672919273376,0.843959987163544,0.152136832475662,59.7773551940918,0.34375,0
2,"Dan Phuong",0.0859375,0.121641539037228,0.0147966640070081,0.261674344539642,50.170654296875,0.2421875,0.0625
6,"Dan Phuong",0.04296875,0.0161460880190134,0.0002606961352285,0.118615046143532,20.4357566833496,0.1171875,0
8,"Dan Phuong",0.078125,0.120001219213009,0.0144002931192517,0.254753172397614,51.7807235717773,0.20703125,0.0078125
3,"Bac Tu Liem",0.3984375,-1.09476625919342,1.19851315021515,0.154871165752411,11.0886631011963,0.39453125,0
2,"Bac Tu Liem",0.23046875,0.582342505455017,0.339122831821442,0.175180017948151,68.2357330322266,0.25390625,0.01171875
4,"Bac Tu Liem",0.05859375,0.991133093833923,0.98234486579895,0.146516010165215,68.99609375,0.28125,0
136,"Bac Tu Liem",0.05859375,1.02218854427338,1.0448694229126,0.146974191069603,63.1588821411133,0.296875,0
4,"Dan Phuong",0.0703125,0.0180458072572947,0.000325651140883565,0.117418617010117,21.0755233764648,0.0859375,0
159,"Bac Tu Liem",0.0078125,1.37000119686127,1.87690329551697,0.149793788790703,29.4078979492188,0.453125,0
268,"Bac Tu Liem",0.0078125,1.37000119686127,1.87690329551697,0.150458335876465,30.1488037109375,0.46484375,0.00390625
10,"Dan Phuong",0.24609375,-0.0263534542173147,0.000694504589773715,0.136627539992332,16.4702186584473,0.578125,0.02734375
1,"Dan Phuong",0.234375,-0.0333343520760536,0.00111117889173329,0.137748494744301,14.6280822753906,0.53125,0
27,"Bac Tu Liem",0.15234375,-1.07999956607819,1.1663990020752,0.156845554709435,10.9263668060303,0.46875,0.00390625
137,"Bac Tu Liem",0.01953125,1.37000119686127,1.87690329551697,0.152028858661652,40.6523628234863,0.41015625,0.00390625
4,"Bac Tu Liem",0.27734375,-1.13625109195709,1.29106652736664,0.142385482788086,11.2108058929443,0.1484375,0.015625
22,"Bac Tu Liem",0.44921875,-1.09851610660553,1.20673763751984,0.1526919901371,11.0563163757324,0.41796875,0.00390625
5,"Bac Tu Liem",0.140625,-1.07999956607819,1.1663990020752,0.156407654285431,10.9106636047363,0.4453125,0.00390625
6,"Bac Tu Liem",0.12890625,-1.07999956607819,1.1663990020752,0.156374603509903,10.9074897766113,0.44921875,0.00390625
1,"Bac Tu Liem",0.14453125,-1.07999956607819,1.1663990020752,0.15627732872963,10.9108180999756,0.4296875,0.00390625
1,"Bac Tu Liem",0.2421875,-0.831563591957092,0.691497981548309,0.143015444278717,11.1377372741699,0.10546875,0.0234375
25,"Bac Tu Liem",0.02734375,1.28355634212494,1.64751696586609,0.137648969888687,117.464141845703,0.14453125,0.00390625
1,"Bac Tu Liem",0.03125,1.25480496883392,1.57453560829163,0.143266767263412,121.32836151123,0.15625,0
1,"Bac Tu Liem",0.07421875,0.299063116312027,0.0894387438893318,0.139974877238274,11.3010587692261,0.125,0.01171875
35,"Bac Tu Liem",0.0078125,2.28060388565063,5.20115375518799,0.135614186525345,122.987411499023,0.11328125,0.00390625
0,"Bac Tu Liem",0.25,1.74000012874603,3.02760052680969,0.147453784942627,11.0893688201904,0.19921875,0.03125
1,"Bac Tu Liem",0,2.37206888198853,5.62671041488647,0.124961540102959,152.867340087891,0.015625,0
1,"Bac Tu Liem",0,1.69266355037689,2.86510992050171,0.131946116685867,155.391555786133,0.046875,0
2,"Bac Tu Liem",0,1.65850293636322,2.7506320476532,0.133429571986198,155.838577270508,0.05078125,0
1,"Bac Tu Liem",0.40625,1.13601529598236,1.2905308008194,0.150519326329231,13.4111757278442,0.484375,0.00390625
0,"Bac Tu Liem",0,1.57417905330658,2.47803974151611,0.137693107128143,117.614349365234,0.03125,0
1,"Bac Tu Liem",0,1.42980420589447,2.04434013366699,0.126955196261406,43.2037239074707,0.0078125,0
0,"Bac Tu Liem",0,1.55941236019135,2.43176698684692,0.127391666173935,108.51244354248,0.0078125,0
3,"Bac Tu Liem",0.24609375,0.588125586509705,0.345891743898392,0.176303744316101,16.9673671722412,0.43359375,0
7,"Bac Tu Liem",0.58203125,1.88781201839447,3.56383419036865,0.142257213592529,19.5205726623535,0.3046875,0.0234375
2,"Bac Tu Liem",0.37109375,1.88218915462494,3.54263615608215,0.13492152094841,18.2201538085938,0.2109375,0.00390625
0,"Bac Tu Liem",0.07421875,1.75226438045502,3.07043051719666,0.162695080041885,11.9566535949707,0.046875,0
62,"Bac Tu Liem",0.1875,1.85546720027924,3.44275856018066,0.133521661162376,17.8530654907227,0.12109375,0.0234375
2,"Bac Tu Liem",0.8671875,1.43455731868744,2.05795478820801,0.161953985691071,21.1725883483887,0.08203125,0
1,"Bac Tu Liem",0.01171875,2.26000070571899,5.10760259628296,0.103377863764763,118.699394226074,0.1796875,0.01171875
0,"Bac Tu Liem",0.01953125,2.20833444595337,4.87674045562744,0.103347346186638,118.009956359863,0.18359375,0.01171875
2,"Bac Tu Liem",0.80859375,2.62247323989868,6.87736558914185,0.145301833748817,16.5653190612793,0.12890625,0
11,"Bac Tu Liem",0.71484375,2.86476755142212,8.20689296722412,0.140509277582169,16.5377616882324,0.125,0
0,"Cau Giay",0.0078125,0.551401495933533,0.304043650627136,0.0852980241179466,0,0.0546875,0.21875
26,"Cau Giay",0.0078125,0.557569861412048,0.310884177684784,0.0850795581936836,0,0.05078125,0.19921875
45,"Cau Giay",0.0078125,0.526140570640564,0.276823937892914,0.0842389762401581,71.3095397949219,0.046875,0.2265625
0,"Cau Giay",0.0078125,0.543848395347595,0.295771092176437,0.0840073376893997,81.1099319458008,0.03515625,0.20703125
9,"Cau Giay",0.0078125,0.567324042320251,0.321856588125229,0.0839381068944931,90.9103240966797,0.02734375,0.18359375
3,"Cau Giay",0.0078125,0.541857123374939,0.293609172105789,0.0832034796476364,91.7762680053711,0.02734375,0.22265625
2,"Bac Tu Liem",0.41015625,3.05044412612915,9.30520915985107,0.13129948079586,17.5893306732178,0.1015625,0
3,"Cau Giay",0,0.54503858089447,0.297067075967789,0.0831791311502457,131.298889160156,0,0.05078125
4,"Cau Giay",0,0.522753119468689,0.273270845413208,0.0829736441373825,134.232330322266,0,0.0625
2,"Cau Giay",0,0.250391393899918,0.0626958459615707,0.0729806199669838,87.6037521362305,0.015625,0.6328125
0,"Cau Giay",0,0.541857123374939,0.293609172105789,0.0821594446897507,143.744476318359,0,0.00390625
3,"Bac Tu Liem",0.00390625,2.39705896377563,5.74589109420776,0.124611899256706,27.2277927398682,0.0078125,0
1,"Bac Tu Liem",0.0078125,2.30604028701782,5.31782150268555,0.1052435785532,33.8364639282227,0.15234375,0.2421875
0,"Bac Tu Liem",0,3.41374826431274,11.6536769866943,0.0943233668804169,141.988708496094,0.00390625,0.015625
3,"Bac Tu Liem",0.00390625,3.40374994277954,11.5855131149292,0.0945501923561096,147.362442016602,0.01171875,0.015625
3,"Ba Dinh",0.02734375,-0.295213311910629,0.087150901556015,0.0827192440629005,158.200759887695,0.0625,0.0859375
1,"Bac Tu Liem",0.0546875,2.81830835342407,7.94286155700684,0.129718527197838,33.0455856323242,0.28125,0
0,"Bac Tu Liem",0.11328125,3.65463495254517,13.3563556671143,0.167381897568703,22.9818916320801,0.08984375,0
0,"Bac Tu Liem",0.02734375,3.52713632583618,12.4406900405884,0.164192110300064,29.9430751800537,0,0.00390625
1,"Ba Dinh",0.0546875,-0.126523584127426,0.0160082187503576,0.0786808952689171,163.419250488281,0.21484375,0.125
0,"Ba Dinh",0.0546875,0.0315612778067589,0.000996114336885512,0.0808829963207245,185.557830810547,0.13671875,0.04296875
0,"Ba Dinh",0.0546875,0.0656646713614464,0.00431184936314821,0.08140879124403,191.126800537109,0.10546875,0.03515625
0,"Ba Dinh",0.00390625,0.841562628746033,0.708227694034576,0.0882870852947235,70.4022979736328,0.1171875,0
1,"Ba Dinh",0.16796875,-0.0310150142759085,0.000961931131314486,0.0788371413946152,313.825866699219,0.109375,0.0390625
0,"Ba Dinh",0.0859375,0.048670195043087,0.00236878800205886,0.0785861909389496,344.878356933594,0.15234375,0.01953125
0,"Ba Dinh",0.1484375,0.0566390976309776,0.00320798764005303,0.0753821283578873,313.532409667969,0.21484375,0.00390625
0,"Ba Dinh",0.01171875,0.331564337015152,0.109934903681278,0.076530396938324,410.402008056641,0.1328125,0.0078125
0,"Cau Giay",0.03125,4.24567651748657,18.0257682800293,0.0969193279743195,164.887084960938,0.015625,0.0078125
3,"Bac Tu Liem",0.0703125,3.58666849136353,12.8641901016235,0.151543334126472,28.4784393310547,0.07421875,0
0,"Cau Giay",0.03125,4.2301812171936,17.8944320678711,0.0970347821712494,167.755645751953,0,0.0078125
0,"Cau Giay",0.03125,4.2797646522522,18.316385269165,0.0966364294290543,170.530822753906,0.00390625,0.0078125
4,"Cau Giay",0.02734375,4.32934808731079,18.7432537078857,0.0962846875190735,173.30598449707,0.00390625,0.0078125
18,"Cau Giay",0.00390625,4.45367288589478,19.8352012634277,0.0952441543340683,181.137115478516,0.0078125,0.0078125
0,"Ba Dinh",0.00390625,0.330740362405777,0.109389185905457,0.0964445471763611,63.7025985717773,0.125,0
0,"Ba Dinh",0,2.55000162124634,6.50250768661499,0.0769945457577705,246.301116943359,0.00390625,0
0,"Ba Dinh",0,0.819959998130798,0.672334432601929,0.087908998131752,101.765296936035,0.01171875,0
1,"Cau Giay",0.03125,4.32529306411743,18.708158493042,0.0959357619285583,181.660125732422,0,0.0078125
4,"Cau Giay",0.046875,4.24869775772095,18.0514316558838,0.082741767168045,189.979370117188,0.21484375,0.00390625
0,"Ba Dinh",0,0.927416205406189,0.860100865364075,0.0715910270810127,315.960998535156,0,0.0234375
7,"Ba Dinh",0,0.513334631919861,0.263512462377548,0.0710644721984863,300.184051513672,0.015625,0.08203125
0,"Ba Dinh",0.00390625,1.26875150203705,1.60973048210144,0.075694352388382,440.371795654297,0.015625,0.00390625
0,"Ba Dinh",0,0.973497748374939,0.947697937488556,0.08623968064785,122.470138549805,0,0
3,"Bac Tu Liem",0.02734375,2.70274591445923,7.30483484268188,0.133621782064438,129.303039550781,0.109375,0.0078125
6,"Cau Giay",0.03125,4.35354852676392,18.9533843994141,0.0957781672477722,183.262268066406,0,0.0078125
16,"Cau Giay",0.02734375,4.46098184585571,19.9003582000732,0.0952695608139038,184.46516418457,0.00390625,0.0078125
9,"Cau Giay",0.015625,4.50161600112915,20.2645454406738,0.0949143022298813,184.814483642578,0.00390625,0.0078125
1,"Cau Giay",0.00390625,4.53570413589478,20.5726108551025,0.0946221649646759,184.072647094727,0.00390625,0.0078125
0,"Ba Dinh",0.015625,1.31578290462494,1.73128473758698,0.0747921466827393,469.370361328125,0.0234375,0.00390625
8,"Ba Dinh",0,1.33968579769135,1.79475808143616,0.0754093676805496,442.953735351562,0.0078125,0.00390625
0,"Ba Dinh",0,1.33968579769135,1.79475808143616,0.0758972689509392,430.692626953125,0.00390625,0
2,"Ba Dinh",0,1.19910275936127,1.43784749507904,0.0837545320391655,158.426986694336,0,0
1,"Ba Dinh",0,1.60333478450775,2.57068252563477,0.0719811618328094,297.301696777344,0,0
0,"Ba Dinh",0,1.60333478450775,2.57068252563477,0.0716129839420319,290.067932128906,0,0.00390625
1,"Ba Dinh",0,2.81513071060181,7.92496061325073,0.0726223587989807,279.397094726562,0,0
0,"Ba Dinh",0,3.82583475112915,14.6370105743408,0.0742351114749908,249.538879394531,0,0
1,"Ba Dinh",0,2.98557138442993,8.91363620758057,0.0724858045578003,271.766052246094,0,0.0078125
0,"Ba Dinh",0.07421875,4.34815835952759,18.9064807891846,0.0804252028465271,246.013916015625,0.078125,0
6,"Ba Dinh",0,4.5542893409729,20.7415504455566,0.0732317194342613,261.177368164062,0,0
0,"Ba Dinh",0,4.54747247695923,20.6795043945312,0.0734053999185562,262.363189697266,0,0
5,"Ba Dinh",0,4.53992700576782,20.6109371185303,0.0735075399279594,263.792236328125,0,0
2,"Ba Dinh",0,2.15679788589478,4.6517767906189,0.117021188139915,208.653869628906,0,0
1,"Ba Dinh",0.06640625,4.68666696548462,21.9648456573486,0.0810319930315018,247.503692626953,0.0625,0
0,"Ba Dinh",0,4.8602089881897,23.6216297149658,0.073248378932476,261.304107666016,0,0.00390625
0,"Ba Dinh",0.06640625,4.68666696548462,21.9648456573486,0.0811449885368347,247.986953735352,0.0625,0
0,"Ba Dinh",0.0234375,4.68666696548462,21.9648456573486,0.079915426671505,250.73030090332,0.0390625,0
40,"Bac Tu Liem",0.08203125,1.35349500179291,1.83194875717163,0.143407508730888,39.9446296691895,0.234375,0
38,"Bac Tu Liem",0.06640625,1.38285291194916,1.91228222846985,0.141998261213303,43.0580101013184,0.21875,0
0,"Ba Dinh",0.00390625,4.86968851089478,23.7138652801514,0.0737414807081223,263.828186035156,0.0078125,0.00390625
1,"Ba Dinh",0.00390625,4.87187433242798,23.7351589202881,0.0738786906003952,265.392395019531,0.0078125,0.00390625
0,"Ba Dinh",0.00390625,4.87260293960571,23.7422580718994,0.0739817917346954,265.827209472656,0.0078125,0.00390625
0,"Ba Dinh",0.05078125,4.68666696548462,21.9648456573486,0.0811105147004128,253.440368652344,0.0546875,0
2,"Cau Giay",0.00390625,4.71166849136353,22.1998195648193,0.0796030983328819,251.560852050781,0.05859375,0.0078125
1,"Cau Giay",0.03515625,4.72031259536743,22.2813491821289,0.0812020599842072,244.248992919922,0.0390625,0.01171875
7,"Cau Giay",0.0625,4.71999979019165,22.2783966064453,0.0788737088441849,250.003494262695,0.0859375,0.0078125
2,"Cau Giay",0.06640625,4.71999979019165,22.2783966064453,0.078559398651123,251.822296142578,0.0859375,0.0078125
0,"Cau Giay",0.0703125,4.71999979019165,22.2783966064453,0.0783954113721848,253.049102783203,0.0859375,0.0078125
0,"Cau Giay",0.0390625,4.67486810684204,21.8543910980225,0.0766427963972092,274.822326660156,0.02734375,0.0390625
0,"Cau Giay",0.0859375,4.72416543960571,22.3177375793457,0.0790291130542755,248.915252685547,0.1015625,0.01171875
3,"Cau Giay",0.14453125,4.72833490371704,22.3571491241455,0.0788351595401764,251.758514404297,0.10546875,0.01171875
5,"Cau Giay",0,3.66690683364868,13.4462051391602,0.0945173501968384,163.931594848633,0,0
0,"Cau Giay",0,3.54084634780884,12.5375919342041,0.09456667304039,172.278533935547,0,0
2,"Cau Giay",0,3.58100366592407,12.8235864639282,0.0942172855138779,175.508331298828,0,0
1,"Ba Dinh",0.0078125,4.71468591690063,22.2282619476318,0.0778383016586304,289.652160644531,0.0078125,0.00390625
0,"Ba Dinh",0.00390625,4.71151208877563,22.1983451843262,0.0778030604124069,290.727142333984,0.0078125,0
0,"Ba Dinh",0.01171875,4.65257883071899,21.6464881896973,0.0784013494849205,291.602386474609,0.00390625,0
0,"Ba Dinh",0.01171875,4.62945413589478,21.4318447113037,0.0785400420427322,290.30419921875,0.00390625,0
0,"Ba Dinh",0.0234375,4.57131433486938,20.8969135284424,0.0787316411733627,287.478973388672,0.00390625,0
0,"Ba Dinh",0.06640625,4.25640726089478,18.1170024871826,0.0786856114864349,287.381469726562,0.01171875,0
0,"Ba Dinh",0.06640625,4.16288995742798,17.3296527862549,0.0780667364597321,289.225280761719,0.01171875,0
1,"Cau Giay",0,3.34721994400024,11.2038803100586,0.0956188216805458,162.814788818359,0,0
2,"Cau Giay",0,3.46950387954712,12.0374565124512,0.0944685190916061,174.424713134766,0,0
2,"Cau Giay",0,3.50412225723267,12.2788724899292,0.0940943360328674,177.104736328125,0,0
0,"Cau Giay",0,3.53643274307251,12.5063562393188,0.0938477069139481,179.784759521484,0,0
1,"Ba Dinh",0,4.68348932266235,21.9350719451904,0.0783657506108284,294.846618652344,0,0
0,"Cau Giay",0,3.1416802406311,9.87015438079834,0.0964634865522385,179.035369873047,0,0
0,"Ba Dinh",0.00390625,4.6035943031311,21.193078994751,0.0798223316669464,301.566741943359,0,0.00390625
0,"Cau Giay",0.00390625,3.07769632339478,9.47221374511719,0.0975573509931564,178.795852661133,0,0
2,"Ba Dinh",0.015625,4.61672067642212,21.3141098022461,0.0808473005890846,302.659729003906,0,0.00390625
1,"Cau Giay",0.01953125,3.08000040054321,9.48640155792236,0.098843902349472,165.705352783203,0,0
40,"Ha Dong",0,0.349035650491714,0.121825881302357,0.188122123479843,16.1813812255859,0.21875,0
1,"Ha Dong",0,0.334974676370621,0.112208031117916,0.18098771572113,15.9362125396729,0.0546875,0.00390625
5,"Ha Dong",0,0.339270025491714,0.115104146301746,0.182831913232803,15.9807872772217,0.0859375,0
5,"Ha Dong",0,0.328722387552261,0.108058400452137,0.1798055768013,16.169361114502,0.0234375,0.0234375
43,"Ha Dong",0,0.333803564310074,0.111424818634987,0.181360006332397,16.1331844329834,0.03515625,0.01171875
13,"Ha Dong",0,0.338098913431168,0.114310868084431,0.183102890849113,16.0572338104248,0.0625,0.00390625
28,"Ha Dong",0,0.342005163431168,0.116967529058456,0.184953823685646,16.0922679901123,0.08984375,0
175,"Ha Dong",0,0.345129400491714,0.119114302098751,0.186870872974396,16.1273040771484,0.11328125,0
260,"Ha Dong",0,0.302942663431168,0.0917742550373077,0.176061987876892,16.5548343658447,0.0234375,0.01953125
23,"Ha Dong",0,0.332239538431168,0.110383108258247,0.182216167449951,16.3042297363281,0.05078125,0.01953125
122,"Ha Dong",0,0.313490301370621,0.0982761681079865,0.178052484989166,16.6054077148438,0.03515625,0.01953125
11,"Ha Dong",0,0.339662939310074,0.115370906889439,0.186745598912239,16.4276103973389,0.0625,0.01171875
30,"Ha Dong",0.01953125,1.84091031551361,3.38895082473755,0.0998218804597855,34.1003456115723,0.0859375,0.00390625
6,"Ha Dong",0.02734375,1.75210797786713,3.0698823928833,0.0997587591409683,31.0147018432617,0.09375,0.00390625
0,"Ha Dong",0.01953125,1.66099011898041,2.75888824462891,0.0990034267306328,31.1443748474121,0.0859375,0.00390625
9,"Ha Dong",0.015625,1.50124967098236,2.25375056266785,0.098748117685318,25.3751792907715,0.1015625,0
8,"Ha Dong",0.0078125,1.50124967098236,2.25375056266785,0.098766915500164,24.6569633483887,0.08984375,0
153,"Ha Dong",0.0078125,1.38187634944916,1.90958225727081,0.0987229570746422,23.8638534545898,0.1015625,0
0,"Ha Dong",0.0078125,1.27851712703705,1.63460612297058,0.0987490639090538,23.2585391998291,0.1171875,0
1,"Ha Dong",0.00390625,1.02374875545502,1.04806160926819,0.0987581983208656,26.026969909668,0.0390625,0
3,"Chuong My",0,-1.51980364322662,2.3098030090332,0.174526795744896,9.99404048919678,0.859375,0.00390625
0,"Ha Dong",0,-0.0133338924497366,0.00017779269546736,0.171289011836052,16.7763538360596,0.21484375,0.02734375
15,"Chuong My",0.00390625,-2.23333501815796,4.98778581619263,0.169749438762665,10.2922592163086,0.66796875,0.16796875
13,"Ha Dong",0.03125,0.111666105687618,0.012469319626689,0.180687665939331,15.2136745452881,0.34375,0
16,"Chuong My",0.01171875,-2.23333501815796,4.98778581619263,0.170808270573616,10.3549118041992,0.6953125,0.1328125
891,"Ha Dong",0.109375,-0.0088783260434866,7.88246834417805e-05,0.195033341646194,15.4551696777344,0.58203125,0.02734375
41,"Chuong My",0.0078125,-2.23333501815796,4.98778581619263,0.171760648488998,10.3668947219849,0.66796875,0.1328125
10,"Chuong My",0.00390625,-2.23333501815796,4.98778581619263,0.172016799449921,10.3586282730103,0.60546875,0.16796875
6,"Ha Dong",0.01171875,0.109167478978634,0.0119175389409065,0.171893656253815,15.7669258117676,0.16015625,0.01171875
19,"Ha Dong",0.19921875,-0.0617576614022255,0.00381400855258107,0.190722674131393,14.2781581878662,0.65234375,0.015625
64,"Ha Dong",0.15234375,-1.42416536808014,2.02824687957764,0.297432392835617,10.8307189941406,0.7890625,0
8,"Chuong My",0.0625,-1.6089836359024,2.58882832527161,0.194180071353912,9.97910976409912,0.4609375,0
137,"Chuong My",0.09765625,-1.6656242609024,2.77430415153503,0.195279642939568,10.0130558013916,0.41796875,0
14,"Ha Dong",0.234375,-1.06125032901764,1.12625217437744,0.255156487226486,12.1037349700928,0.515625,0
27,"Ha Dong",0.10546875,-1.53249895572662,2.348552942276,0.264074623584747,9.08315467834473,0.42578125,0
4,"Ha Dong",0.09765625,-1.49125063419342,2.22382831573486,0.26368910074234,9.04188346862793,0.39453125,0
14,"Ha Dong",0.0703125,-1.3571869134903,1.84195625782013,0.23973023891449,9.52796363830566,0.109375,0
4,"Chuong My",0.11328125,-1.30312502384186,1.69813477993011,0.179257646203041,8.90430927276611,0.01953125,0
13,"Chuong My",0.09765625,-1.34208452701569,1.8011908531189,0.177293479442596,9.04758453369141,0.23828125,0.00390625
4,"Chuong My",0.11328125,-1.30999910831451,1.7160975933075,0.179383888840675,8.93942260742188,0.0625,0
0,"Chuong My",0.08984375,-1.33125078678131,1.77222859859467,0.173587903380394,9.24380397796631,0.37109375,0.00390625
4,"Chuong My",0.09765625,-1.3132301568985,1.72457337379456,0.177790328860283,9.02235412597656,0.1953125,0.00390625
3,"Chuong My",0.109375,-1.28364717960358,1.64775002002716,0.179409444332123,8.93374729156494,0.08203125,0
0,"Chuong My",0.09765625,-1.26312410831451,1.59548246860504,0.179942056536674,8.89496803283691,0.04296875,0
15,"Ha Dong",0.00390625,0.48288956284523,0.233182325959206,0.119198441505432,16.1351928710938,0.0078125,0
2,"Chuong My",0.10546875,-1.2243744134903,1.49909269809723,0.178684055805206,8.87701511383057,0.1171875,0
1,"Chuong My",0.1015625,-1.19947969913483,1.4387514591217,0.179424524307251,8.82138347625732,0.0703125,0
22,"Ha Dong",0,0.387304693460464,0.150004923343658,0.118977531790733,16.2054862976074,0.0234375,0
28,"Ha Dong",0,0.399023443460464,0.159219697117805,0.118587210774422,16.1684799194336,0.015625,0
11,"Chuong My",0.10546875,-1.19364702701569,1.42479312419891,0.178472638130188,8.79447555541992,0.12890625,0
1,"Chuong My",0.39453125,-1.56484377384186,2.44873595237732,0.194237694144249,12.8586444854736,0.48828125,0.01171875
2,"Ha Dong",0,0.362459570169449,0.131376937031746,0.118054538965225,16.1431503295898,0.01953125,0
9,"Chuong My",0.4140625,-1.59625017642975,2.54801464080811,0.195917844772339,12.8375682830811,0.453125,0.01171875
1,"Chuong My",0.18359375,-1.64949190616608,2.72082352638245,0.205070465803146,9.55345344543457,0.203125,0.00390625
34,"Ha Dong",0.05078125,-0.198983758687973,0.0395945385098457,0.170395895838737,14.8401346206665,0.62890625,0.05078125
2,"Ha Dong",0.0390625,-0.144689172506332,0.0209349580109119,0.170153439044952,15.1865911483765,0.5390625,0.0390625
62,"Ha Dong",0,-0.129998773336411,0.0168996825814247,0.10575444996357,15.2654590606689,0.0234375,0
105,"Ha Dong",0,-0.126443475484848,0.015987953171134,0.103864215314388,14.6091842651367,0.02734375,0
5,"Ha Dong",0.09375,0.379843145608902,0.144280806183815,0.176517069339752,13.6180362701416,0.38671875,0.00390625
87,"Ha Dong",0,-0.101564027369022,0.0103152515366673,0.103441625833511,14.3440990447998,0.01953125,0
23,"Ha Dong",0.0078125,-0.129998773336411,0.0168996825814247,0.104735478758812,14.1721105575562,0.0078125,0
0,"Ha Dong",0.0078125,-0.129998773336411,0.0168996825814247,0.105569124221802,14.0619697570801,0.05078125,0
25,"Ha Dong",0.0078125,-0.129998773336411,0.0168996825814247,0.105190053582191,14.0590581893921,0.03125,0
7,"Ha Dong",0.0078125,-0.129998773336411,0.0168996825814247,0.104364886879921,14.0715236663818,0.015625,0
44,"Ha Dong",0.0078125,-0.129998773336411,0.0168996825814247,0.104575008153915,13.9701232910156,0.0390625,0
20,"Ha Dong",0.16796875,0.390001684427261,0.152101308107376,0.175646543502808,12.9143495559692,0.41015625,0.00390625
21,"Ha Dong",0,-0.0944534316658974,0.00892145093530416,0.103742890059948,13.7117805480957,0.06640625,0
11,"Ha Dong",0.171875,0.390001684427261,0.152101308107376,0.177505984902382,12.9660148620605,0.375,0.0078125
2,"Ha Dong",0.0625,0.320936590433121,0.103000290691853,0.165300369262695,13.3848476409912,0.37109375,0.00390625
4,"Ha Dong",0.15234375,0.390001684427261,0.152101308107376,0.178690165281296,13.0641899108887,0.34765625,0.0078125
32,"Ha Dong",0.15234375,0.390001684427261,0.152101308107376,0.17669390141964,13.0172634124756,0.3515625,0.0078125
227,"Ha Dong",0,-0.141717523336411,0.0200838577002287,0.166615456342697,15.8041229248047,0.34765625,0
167,"Ha Dong",0,-0.016717528924346,0.000279475789284334,0.152412712574005,13.230863571167,0.15625,0
99,"Ha Dong",0,-0.0350013747811317,0.00122509617358446,0.152246981859207,13.3755645751953,0.09765625,0
1311,"Ha Dong",0,-0.0362487807869911,0.00131397403310984,0.15216763317585,13.5154266357422,0.0703125,0
97,"Ha Dong",0,-0.105390168726444,0.0111070871353149,0.180041760206223,15.6058416366577,0.48046875,0
54,"Ha Dong",0,0.339727789163589,0.115414969623089,0.0993853658437729,12.1971302032471,0.08984375,0
1,"Ha Dong",0,0.175196081399918,0.0306936651468277,0.100859612226486,12.1302623748779,0.15234375,0
15,"Ha Dong",0,0.207186132669449,0.0429260917007923,0.100039415061474,12.0915927886963,0.1328125,0
2,"Ha Dong",0,0.285391241312027,0.0814481601119041,0.0977019444108009,12.1096143722534,0.08203125,0
27,"Chuong My",0.015625,-1.18791735172272,1.4111475944519,0.203100383281708,10.9699192047119,0.3046875,0.1015625
9,"Ha Dong",0.109375,-0.333230584859848,0.111042626202106,0.226522296667099,12.7520961761475,0.83203125,0
8,"Ha Dong",0.0234375,0.510000586509705,0.26010063290596,0.179278671741486,13.5114898681641,0.10546875,0
10,"Ha Dong",0.01953125,0.510000586509705,0.26010063290596,0.17797826230526,13.3781757354736,0.10546875,0
4,"Ha Dong",0.01953125,0.508165717124939,0.258232414722443,0.177322924137115,13.2109031677246,0.12890625,0
7,"Ha Dong",0,0.0487503036856651,0.0023765922524035,0.0980451703071594,11.9404954910278,0.16015625,0
4,"Ha Dong",0.02734375,0.589998602867126,0.348098367452621,0.195511817932129,14.2180118560791,0.125,0
36,"Ha Dong",0.01953125,0.609999060630798,0.37209889292717,0.194140613079071,13.9028615951538,0.12890625,0
25,"Chuong My",0.0078125,-1.21875154972076,1.48535525798798,0.156592667102814,10.6930055618286,0.46484375,0.27734375
54,"Chuong My",0.05859375,-1.4837509393692,2.20151686668396,0.182872474193573,9.85584259033203,0.54296875,0.0234375
13,"Ha Dong",0.1015625,0.219999700784683,0.0483998656272888,0.206704199314117,15.307991027832,0.2109375,0
80,"Ha Dong",0.15625,0.240000158548355,0.0576000735163689,0.173309028148651,11.7239665985107,0.48046875,0
114,"Ha Dong",0.109375,0.225740820169449,0.0509589165449142,0.208613887429237,15.5898571014404,0.1484375,0
17,"Chuong My",0.0703125,-1.2399994134903,1.53759849071503,0.179098471999168,13.98388671875,0.4765625,0.01953125
24,"Chuong My",0.01171875,-0.951303124427795,0.904977560043335,0.176419451832771,14.4818515777588,0.41796875,0.16015625
11,"Chuong My",0.01171875,-0.953698754310608,0.909541249275208,0.177066892385483,15.5432872772217,0.40625,0.1640625
3,"Chuong My",0.00390625,-0.317163079977036,0.100592419505119,0.223865061998367,22.633674621582,0.09375,0.01953125
24,"Chuong My",0.00390625,-0.31148299574852,0.0970216616988182,0.222987830638885,23.0366172790527,0.08984375,0.01953125
2,"Chuong My",0.00390625,-0.29445418715477,0.0867032706737518,0.222577050328255,24.3538932800293,0.06640625,0.0078125
0,"Chuong My",0.00390625,-0.283097833395004,0.0801443830132484,0.222885176539421,24.5076961517334,0.03515625,0.00390625
3,"Chuong My",0.05078125,-0.928491234779358,0.862095952033997,0.181463554501534,31.3991680145264,0.25,0.0234375
2,"Chuong My",0.07421875,-0.798436760902405,0.637501239776611,0.181593894958496,29.1175994873047,0.23046875,0.02734375
0,"Chuong My",0.07421875,-0.780469536781311,0.609132647514343,0.181048721075058,28.3386688232422,0.2578125,0.03125
25,"Chuong My",0.015625,-0.408788293600082,0.167107880115509,0.21685416996479,16.0361366271973,0.36328125,0.09765625
108,"Ha Dong",0.015625,0.225702673196793,0.0509416945278645,0.225796177983284,11.7239084243774,0.40625,0
14,"Ha Dong",0.0078125,0.193514257669449,0.0374477654695511,0.218718111515045,11.5600204467773,0.46875,0
10,"Ha Dong",0.0703125,-0.379064172506332,0.143689647316933,0.153120443224907,10.6698436737061,0.58984375,0
777,"Ha Dong",0.0625,-0.394998162984848,0.156023547053337,0.15500782430172,10.6188812255859,0.5859375,0
1,"Chuong My",0.0078125,-1.78021395206451,3.16916155815125,0.197590887546539,17.6486892700195,0.6015625,0.02734375
22,"Ha Dong",0.14453125,-0.138280481100082,0.0191214922815561,0.191211462020874,9.84042739868164,0.28125,0
0,"Chuong My",0.0078125,-1.82000124454498,3.31240439414978,0.207370832562447,16.2361660003662,0.60546875,0
16,"Ha Dong",0.01171875,-0.490312188863754,0.240406051278114,0.204460710287094,9.89575386047363,0.25390625,0
9,"Chuong My",0.0390625,-0.273332208395004,0.0747104957699776,0.239154636859894,11.1397409439087,0.26953125,0
0,"Chuong My",0.03125,-0.283334344625473,0.0802783519029617,0.239461869001389,11.330286026001,0.26171875,0
15,"Ha Dong",0.00390625,-0.541249871253967,0.29295140504837,0.16904079914093,9.57151794433594,0.40234375,0
16,"Ha Dong",0.00390625,-0.523358941078186,0.27390456199646,0.17352694272995,9.5618257522583,0.29296875,0.0234375
3,"Ha Dong",0.00390625,-0.533982872962952,0.285137683153152,0.17111112177372,9.56015205383301,0.3046875,0.01171875
21,"Ha Dong",0.00390625,-0.547265648841858,0.299499660730362,0.168744161725044,9.55847930908203,0.33984375,0
7,"Ha Dong",0,-0.561875939369202,0.315704554319382,0.167002350091934,9.55173873901367,0.38671875,0
4,"Ha Dong",0.00390625,-0.525704979896545,0.276365697383881,0.173386082053185,9.55787944793701,0.26171875,0.0234375
2,"Ha Dong",0.00390625,-0.552266716957092,0.304998487234116,0.168601483106613,9.55966377258301,0.3125,0
6,"Ha Dong",0.00390625,-0.541329979896545,0.293038129806519,0.170897960662842,9.56246566772461,0.29296875,0.01171875
35,"Ha Dong",0,-0.574533104896545,0.330088257789612,0.16656956076622,9.57232475280762,0.37890625,0
5,"Ha Dong",0.0234375,-0.481248468160629,0.23160009086132,0.195616632699966,9.44385147094727,0.37890625,0.0234375
7,"Ha Dong",0.0234375,-0.498513787984848,0.248516008257866,0.181378483772278,9.47480583190918,0.2734375,0.0234375
2,"Ha Dong",0.015625,-0.507814049720764,0.257875084877014,0.178504377603531,9.49763202667236,0.26953125,0.0234375
6,"Ha Dong",0.015625,-0.51843798160553,0.268777906894684,0.175847008824348,9.52045822143555,0.27734375,0.0234375
443,"Ha Dong",0,-0.606561303138733,0.367916584014893,0.165192067623138,9.63258743286133,0.47265625,0
16,"Ha Dong",0.00390625,-0.536718010902405,0.288066208362579,0.173365563154221,9.55434036254883,0.2890625,0.0234375
15,"Ha Dong",0.00390625,-0.571248650550842,0.326324999332428,0.16903717815876,9.59369850158691,0.359375,0
14,"Ha Dong",0.01953125,-0.525781273841858,0.276445925235748,0.175880268216133,9.49553108215332,0.26953125,0.0234375
3,"Ha Dong",0,-0.621408104896545,0.386148005723953,0.166313335299492,9.66536903381348,0.46875,0
7,"Chuong My",0.02734375,-2.43378973007202,5.92333269119263,0.256854176521301,10.5558347702026,0.76953125,0.046875
0,"Chuong My",0.03515625,-2.99847555160522,8.9908561706543,0.302128493785858,12.5150632858276,0.828125,0.00390625
5,"Chuong My",0.0078125,-2.69810628890991,7.27977800369263,0.230357438325882,12.0326747894287,0.80078125,0.09375
7,"Chuong My",0.00390625,-2.01371145248413,4.05503416061401,0.24247170984745,11.0784387588501,0.625,0.015625
0,"Chuong My",0.00390625,-3.01999998092651,9.12040042877197,0.251094669103622,23.6298828125,0.2578125,0.09765625
1,"Chuong My",0.00390625,-3.01999998092651,9.12040042877197,0.251854360103607,23.1668701171875,0.25390625,0.09765625
13,"Chuong My",0,-1.9844719171524,3.93812870979309,0.245628550648689,12.1589469909668,0.81640625,0.06640625
0,"Chuong My",0.00390625,-3.01999998092651,9.12040042877197,0.246976882219315,20.2759246826172,0.40234375,0.1015625
3,"Chuong My",0.00390625,-3.14429616928101,9.88659858703613,0.13271027803421,9.81575012207031,0.98046875,0.015625
3,"Chuong My",0.00390625,-3.01999998092651,9.12040042877197,0.248682379722595,20.5108051300049,0.35546875,0.10546875
0,"Chuong My",0.00390625,-3.01999998092651,9.12040042877197,0.247673466801643,19.1827716827393,0.40234375,0.1015625
19,"Chuong My",0.13671875,-2.69937467575073,7.28662395477295,0.309777617454529,15.4802370071411,0.4453125,0.0078125
0,"Chuong My",0.140625,-2.65343809127808,7.04073429107666,0.31741014122963,14.9469051361084,0.3671875,0.0078125
15,"Chuong My",0.1328125,-2.76937437057495,7.66943502426147,0.296294212341309,15.1495513916016,0.5703125,0.01953125
5,"Chuong My",0.12109375,-2.75406217575073,7.58485889434814,0.300504207611084,14.8023862838745,0.5546875,0.015625
9,"Chuong My",0.11328125,-2.83214902877808,8.02106857299805,0.30404531955719,14.1479263305664,0.53125,0.015625
3,"Chuong My",0,-1.91443407535553,3.66505765914917,0.220693349838257,44.0666809082031,0.13671875,0.0625
6,"Chuong My",0,-1.91183626651764,3.65511775016785,0.223246961832047,43.804573059082,0.14453125,0.0625
1,"Chuong My",0,-1.90478670597076,3.62821221351624,0.228886172175407,43.1488800048828,0.16015625,0.0625
1,"Chuong My",0.01171875,-1.90589678287506,3.63244247436523,0.222338661551476,43.6238327026367,0.15234375,0.08203125
26,"Chuong My",0.02734375,-2.41000127792358,5.80810642242432,0.24065837264061,8.86867332458496,0.9296875,0
7,"Chuong My",0.05859375,-1.83242189884186,3.35776996612549,0.225033268332481,29.645191192627,0.39453125,0.08203125
3,"Chuong My",0.05859375,-1.82834017276764,3.34282779693604,0.226905912160873,27.1797866821289,0.421875,0.11328125
1,"Chuong My",0.046875,-1.8692375421524,3.49404883384705,0.230129912495613,24.8298759460449,0.46875,0.12890625
4,"Chuong My",0.03125,-1.95437395572662,3.81957745552063,0.238354295492172,20.1649856567383,0.5703125,0.11328125
7,"Chuong My",0.453125,-3.52666616439819,12.4373750686646,0.388663351535797,9.3165168762207,0.44140625,0.01171875
1,"Chuong My",0.48046875,-3.55729246139526,12.6543302536011,0.391534268856049,9.35325717926025,0.41796875,0.01171875
2,"Chuong My",0.5,-3.5538535118103,12.6298751831055,0.394759148359299,9.2340030670166,0.41015625,0.01171875
1,"Chuong My",0.50390625,-3.56760358810425,12.7277956008911,0.394220620393753,9.31496810913086,0.40234375,0.01171875
23,"Chuong My",0.06640625,-3.61979246139526,13.1028985977173,0.314611703157425,9.87619781494141,0.80859375,0.06640625
2,"Chuong My",0.0625,-1.94587862491608,3.78644347190857,0.267273366451263,9.17800235748291,0.23828125,0.05078125
1,"Chuong My",0.0546875,-1.95812380313873,3.83424878120422,0.266093790531158,9.18704223632812,0.29296875,0.046875
15,"Chuong My",0.05859375,-1.97037279605865,3.88236880302429,0.266666322946548,9.19608306884766,0.33984375,0.046875
0,"Chuong My",0.05859375,-1.98261797428131,3.93077397346497,0.265693843364716,9.20512199401855,0.390625,0.046875
41,"Chuong My",0.04296875,-1.97816240787506,3.91312646865845,0.268303692340851,9.2131404876709,0.45703125,0.03515625
20,"Chuong My",0.11328125,-2.21759939193726,4.91774749755859,0.264553874731064,8.64615631103516,0.64453125,0
33,"Chuong My",0.125,-2.24558401107788,5.04264783859253,0.264564633369446,8.67509651184082,0.6640625,0
2,"Chuong My",0.1328125,-2.25718832015991,5.09489965438843,0.265083432197571,8.72331237792969,0.6953125,0
0,"Chuong My",0.140625,-2.25504064559937,5.08520889282227,0.266157567501068,8.67674827575684,0.70703125,0
3,"Chuong My",0.171875,-2.2460150718689,5.04458427429199,0.270733177661896,8.59131908416748,0.69140625,0
18,"Chuong My",0.2109375,-0.0125785823911428,0.000158220747835003,0.258025705814362,12.5906677246094,0.1328125,0.00390625
3,"Chuong My",0.16015625,-0.125466912984848,0.0157419480383396,0.253560781478882,12.7432632446289,0.12109375,0.00390625
7,"Chuong My",0.16796875,-0.0570045486092567,0.00324951834045351,0.254210203886032,13.5140399932861,0.18359375,0.0078125
0,"Chuong My",0.07421875,-0.385808557271957,0.148848250508308,0.256632536649704,13.6152801513672,0.0625,0
14,"Chuong My",0.01953125,-0.618177056312561,0.382142841815948,0.253317326307297,12.9542541503906,0.046875,0
2,"Chuong My",0.01953125,-0.60437548160553,0.365269690752029,0.255001455545425,14.8531227111816,0.07421875,0
2,"Chuong My",0.015625,-0.728437066078186,0.530620515346527,0.25366222858429,14.6156539916992,0.07421875,0
0,"Chuong My",0.0234375,-0.678853631019592,0.460842221975327,0.254686176776886,15.2000455856323,0.0859375,0
0,"Chuong My",0.17578125,-3.00101613998413,9.00609874725342,0.331272721290588,9.18454551696777,0.390625,0
0,"Chuong My",0.01953125,-0.808099389076233,0.653024613857269,0.25376695394516,14.9127063751221,0.078125,0
8,"Chuong My",0.05078125,-2.50562429428101,6.27815341949463,0.258549332618713,7.92138862609863,0.91796875,0.03125
2,"Chuong My",0.02734375,-0.897004723548889,0.804617404937744,0.253447651863098,16.8815498352051,0.1171875,0
9,"Chuong My",0.23828125,-6.18074178695679,38.2015686035156,0.329438924789429,10.0480289459229,0.26953125,0
3,"Chuong My",0.234375,-8.66277313232422,75.0436325073242,0.305316537618637,9.64355850219727,0.26171875,0
2,"Chuong My",0.2578125,-7.42175817489624,55.0824966430664,0.32268038392067,10.1485500335693,0.2578125,0
0,"Chuong My",0.296875,-6.79812574386597,46.2145156860352,0.337230652570724,10.7172393798828,0.265625,0
15,"Chuong My",0.234375,-11.3930072784424,129.80061340332,0.279911518096924,9.06191635131836,0.25,0
8,"Chuong My",0.3125,-7.53726530075073,56.8103713989258,0.334853559732437,11.0093173980713,0.25390625,0
4,"Chuong My",0.34375,-3.79625082015991,14.4115209579468,0.393323957920074,12.4879207611084,0.32421875,0
17,"Chuong My",0.18359375,-4.81744146347046,23.20774269104,0.338859647512436,15.5889701843262,0.36328125,0.01171875
