Count,Locations,Forest,Lag_temp_center,Pop,Rice,Water
32,Dan Phuong,0.0859375,-4.65335989,8.238382339,0.35546875,0
4,Dan Phuong,0.12109375,-4.093020916,8.829214096,0.51171875,0
43,Dan Phuong,0.11328125,-4.184766293,8.907863617,0.46484375,0
0,Dan Phuong,0.1484375,-3.590390682,11.31149864,0.68359375,0
11,Dan Phuong,0.1015625,-2.820209026,12.16423798,0.57421875,0
0,Dan Phuong,0.09375,-3.091041088,12.2466507,0.59765625,0
0,Dan Phuong,0.046875,-2.61791563,10.55180073,0.48046875,0
49,Dan Phuong,0.03125,-1.780076623,9.707893372,0.34375,0
5,Dan Phuong,0.01171875,-1.388593316,12.91898537,0.19140625,0
17,Dan Phuong,0.2109375,-0.694062829,14.15337276,0.66015625,0
2,Dan Phuong,0,-1.197930932,9.316394806,0.7734375,0
1,Dan Phuong,0.00390625,-1.759374261,15.90416813,0.07421875,0.05078125
1,Dan Phuong,0.00390625,-1.766172051,16.30257416,0.09375,0.05859375
10,Dan Phuong,0.01171875,-1.828008294,18.45509148,0.19140625,0.10546875
3,Dan Phuong,0.01171875,-1.836251855,18.98167992,0.22265625,0.1171875
8,Dan Phuong,0,-1.648477197,17.91693878,0.08203125,0.0625
21,Dan Phuong,0.0078125,-1.668126702,20.99209404,0.15234375,0.1015625
8,Dan Phuong,0.015625,-1.50000155,0,0.203125,0.1328125
6,Dan Phuong,0.015625,-1.50000155,0,0.2265625,0.14453125
1,Dan Phuong,0.01171875,-1.988084435,7.780892849,0.60546875,0.203125
0,Dan Phuong,0.01953125,-1.50000155,28.00073433,0.1953125,0.12109375
126,Dan Phuong,0.05078125,-0.549687982,11.93088818,0.19140625,0
1,Dan Phuong,0.03515625,-1.513398767,37.68653107,0.17578125,0.12890625
86,Dan Phuong,0.20703125,-0.910935998,11.08083344,0.2890625,0
16,Dan Phuong,0.01953125,-0.466992944,11.8374157,0.5390625,0.01953125
12,Dan Phuong,0.03125,-0.051522829,11.6817646,0.53515625,0.02734375
396,Dan Phuong,0.015625,-0.440000147,11.94094181,0.48828125,0.0078125
10,Dan Phuong,0.1796875,-0.844529748,12.78515816,0.51171875,0.0234375
3,Dan Phuong,0.015625,0.21156159,12.0053606,0.265625,0.03515625
5,Dan Phuong,0.01171875,-0.009999847,15.86039734,0.16796875,0
14,Dan Phuong,0.03125,0.956446052,11.18886566,0.10546875,0
9,Dan Phuong,0.0703125,0.928789496,11.4759655,0.15234375,0
54,Dan Phuong,0.03125,0.789179206,11.4710865,0.0859375,0.01953125
0,Dan Phuong,0.03515625,0.964727759,11.25425529,0.09765625,0
4,Dan Phuong,0.01171875,0.963945746,11.19279289,0.0703125,0
0,Dan Phuong,0.0703125,0.428438574,13.86082363,0.40625,0
0,Dan Phuong,0.078125,0.750936866,13.94288063,0.1796875,0
3,Dan Phuong,0.09765625,-0.093515016,11.85606956,0.55078125,0.12890625
1,Dan Phuong,0.0625,0.066759489,13.39705467,0.78515625,0.01953125
3,Dan Phuong,0.078125,0.08937683,13.92362022,0.703125,0.140625
0,Bac Tu Liem,0.01953125,0.217031866,21.15789413,0.15625,0.00390625
69,Dan Phuong,0.0859375,0.339998633,13.52192688,0.7734375,0
175,Dan Phuong,0.0078125,-0.668748498,12.82025528,0.31640625,0
154,Dan Phuong,0.01171875,0.288748175,14.20111847,0.0703125,0
13,Dan Phuong,0.0078125,0.284063727,14.19744301,0.05078125,0
9,Dan Phuong,0.0078125,0.279688269,14.19376755,0.03515625,0
6,Dan Phuong,0.0859375,-0.254842371,14.47672081,0.51953125,0.00390625
1,Bac Tu Liem,0.03125,0.102266692,20.0276165,0.1484375,0.00390625
4,Bac Tu Liem,0.03125,0.05370941,20.24173355,0.16796875,0
3,Dan Phuong,0,0.261560827,14.28520489,0,0.00390625
23,Bac Tu Liem,0.03125,-0.043397523,20.04516602,0.171875,0
4,Dan Phuong,0.01953125,-0.881196618,13.66119289,0.5,0.02734375
0,Dan Phuong,0.0234375,0.135000616,14.74080563,0.19140625,0
1,Dan Phuong,0.01953125,0.131563574,14.75405216,0.15625,0
0,Dan Phuong,0.03125,0.061876677,14.86426067,0.22265625,0.00390625
0,Bac Tu Liem,0.0546875,-0.34703216,18.12610245,0.0703125,0
25,Bac Tu Liem,0.0546875,-0.416249841,18.50969696,0.09765625,0
5,Dan Phuong,0.12890625,-0.065194704,13.78366661,0.671875,0.0078125
7,Bac Tu Liem,0.00390625,0.062929533,14.19811821,0.03515625,0
14,Bac Tu Liem,0.00390625,0.051092528,14.1973238,0.015625,0
3,Bac Tu Liem,0.1484375,-0.871133447,18.84076691,0.25,0.00390625
0,Bac Tu Liem,0.05859375,-0.531484246,16.25468826,0.078125,0.00390625
0,Bac Tu Liem,0.1484375,-0.935155511,18.57723808,0.23828125,0.00390625
1,Dan Phuong,0.1328125,-0.378945917,13.62103558,0.6953125,0.00390625
6,Bac Tu Liem,0.06640625,-0.546758294,15.36308956,0.0859375,0
2,Bac Tu Liem,0.06640625,-0.61410296,15.78313065,0.09765625,0.00390625
7,Bac Tu Liem,0.078125,-3.20962286,11.28962135,0.57421875,0.05078125
6,Bac Tu Liem,0.3046875,-1.158124566,17.48434448,0.296875,0.00390625
10,Dan Phuong,0.18359375,-0.005155182,13.80306911,0.5234375,0.00390625
0,Bac Tu Liem,0.3125,-1.191251397,17.29062653,0.26953125,0.00390625
0,Bac Tu Liem,0.328125,-1.191251397,17.15187073,0.25390625,0.00390625
4,Bac Tu Liem,0.00390625,-1.59166491,125.1658325,0.0234375,0.01171875
0,Bac Tu Liem,0.0234375,-1.575650811,121.8048553,0.03515625,0.0234375
6,Bac Tu Liem,0.1328125,-1.108632684,14.63381195,0.328125,0.00390625
3,Bac Tu Liem,0.0234375,-1.47598803,122.1142349,0.046875,0.01953125
3,Bac Tu Liem,0.0234375,-1.459973931,120.1638947,0.05078125,0.01953125
5,Bac Tu Liem,0.0234375,-1.438619256,118.4563904,0.05859375,0.01953125
14,Bac Tu Liem,0.0234375,-1.321172357,113.0819473,0.06640625,0.01953125
2,Bac Tu Liem,0.0234375,-1.267785668,111.1225357,0.0625,0.01953125
2,Bac Tu Liem,0.0234375,-1.209062219,109.1631165,0.0625,0.01953125
2,Bac Tu Liem,0.07421875,-1.381665826,126.4741135,0.16015625,0.03125
1,Bac Tu Liem,0.01171875,-0.528020501,98.59947205,0.046875,0
2,Bac Tu Liem,0.01171875,-0.331353754,91.55760193,0.046875,0
0,Bac Tu Liem,0,-0.280053705,92.50730896,0.03515625,0
1,Dan Phuong,0.046875,0.216875464,14.47423744,0.671875,0.015625
0,Bac Tu Liem,0.3203125,-1.390000939,16.38495255,0.2890625,0.00390625
0,Bac Tu Liem,0.0078125,-1.011602044,111.1016006,0.0859375,0.1953125
6,Bac Tu Liem,0.1171875,-1.066667199,98.33813477,0.203125,0.03125
0,Bac Tu Liem,0.33203125,-1.398477197,15.46767426,0.29296875,0.00390625
294,Dan Phuong,0.00390625,0.829412818,72.81525421,0.03125,0
7,Bac Tu Liem,0.35546875,-1.390000939,12.93439579,0.49609375,0
53,Bac Tu Liem,0.31640625,-1.404126763,15.16370964,0.30078125,0.00390625
8,Bac Tu Liem,0.0390625,0.476541907,120.5246887,0.08203125,0
5,Dan Phuong,0.0234375,-0.017812347,43.25648499,0.15625,0.0078125
15,Bac Tu Liem,0.046875,0.404901892,93.26599884,0.10546875,0
8,Bac Tu Liem,0.10546875,-1.061326623,75.81507111,0.21484375,0.02734375
14,Bac Tu Liem,0.10546875,-1.045312524,77.04990387,0.2265625,0.02734375
4,Dan Phuong,0.01171875,1.366678596,80.71948242,0,0
4,Dan Phuong,0.02734375,1.235807776,70.74635315,0,0
2,Bac Tu Liem,0.09375,-2.940000057,15.96892452,0.296875,0
2,Bac Tu Liem,0.0625,0.219923407,41.3469696,0.12109375,0
2,Dan Phuong,0.00390625,1.475939155,85.65792847,0,0
20,Dan Phuong,0.02734375,-1.333711267,13.66614151,0.87890625,0.09375
4,Bac Tu Liem,0.16796875,-1.735753655,13.23395348,0.171875,0.00390625
1,Bac Tu Liem,0.07421875,0.434999853,37.45679855,0.09375,0
18,Dan Phuong,0.0078125,0.404375464,18.82495117,0.4140625,0.00390625
0,Bac Tu Liem,0.0390625,-2.461873531,13.74286652,0.17578125,0
0,Dan Phuong,0,1.179609656,78.7060318,0.00390625,0
24,Bac Tu Liem,0.03515625,-1.703229547,13.04205322,0.18359375,0.00390625
2,Bac Tu Liem,0.05078125,-2.269376278,12.46030617,0.09375,0
18,Dan Phuong,0,1.100782752,68.88063049,0.03515625,0
24,Bac Tu Liem,0.09765625,-1.562760949,12.1283617,0.2265625,0
0,Bac Tu Liem,0.0625,-2.172811031,12.12796593,0.13671875,0
2,Dan Phuong,0.0078125,0.431875616,19.44657516,0.42578125,0.015625
0,Dan Phuong,0.01953125,0.091875456,17.78467369,0.0625,0
17,Bac Tu Liem,0.05859375,-1.532083154,12.32930183,0.35546875,0
2,Bac Tu Liem,0.125,-1.959062219,11.3964262,0.2890625,0
1,Dan Phuong,0.0078125,0.734960914,64.43612671,0.0234375,0
4,Dan Phuong,0.04296875,0.874685645,27.57614899,0.14453125,0
2,Dan Phuong,0.0546875,0.862966895,27.21449661,0.17578125,0
0,Dan Phuong,0.04296875,0.047499083,17.98287964,0.171875,0
2,Dan Phuong,0,0.453478247,69.36943817,0.01171875,0
2,Dan Phuong,0.0078125,0.494959265,60.75006866,0.05078125,0
2,Dan Phuong,0.06640625,0.033956908,18.04885101,0.19921875,0
0,Dan Phuong,0,0.35546723,66.37884521,0.01953125,0
3,Dan Phuong,0.12109375,0.708750129,22.81391907,0.50390625,0.01171875
10,Dan Phuong,0,0.121405028,64.55627441,0.015625,0
1,Dan Phuong,0,0.121874236,64.62310791,0.015625,0.015625
30,Dan Phuong,0.02734375,0.120001219,53.58872604,0.10546875,0
9,Dan Phuong,0.01171875,0.121405028,63.76253128,0.03125,0.01953125
3,Dan Phuong,0.01171875,0.120821379,63.3031044,0.03515625,0.00390625
0,Dan Phuong,0.03515625,0.120001219,53.10132599,0.12890625,0
2,Dan Phuong,0.03515625,0.120001219,48.01635742,0.234375,0
22,Bac Tu Liem,0.05078125,0.974569678,45.78015137,0.34765625,0
12,Dan Phuong,0.16015625,0.022970581,61.90954208,0.38671875,0
0,Bac Tu Liem,0.05859375,0.918672919,59.77735519,0.34375,0
2,Dan Phuong,0.0859375,0.121641539,50.1706543,0.2421875,0.0625
6,Dan Phuong,0.04296875,0.016146088,20.43575668,0.1171875,0
8,Dan Phuong,0.078125,0.120001219,51.78072357,0.20703125,0.0078125
3,Bac Tu Liem,0.3984375,-1.094766259,11.0886631,0.39453125,0
2,Bac Tu Liem,0.23046875,0.582342505,68.23573303,0.25390625,0.01171875
4,Bac Tu Liem,0.05859375,0.991133094,68.99609375,0.28125,0
136,Bac Tu Liem,0.05859375,1.022188544,63.15888214,0.296875,0
4,Dan Phuong,0.0703125,0.018045807,21.07552338,0.0859375,0
159,Bac Tu Liem,0.0078125,1.370001197,29.40789795,0.453125,0
268,Bac Tu Liem,0.0078125,1.370001197,30.14880371,0.46484375,0.00390625
10,Dan Phuong,0.24609375,-0.026353454,16.47021866,0.578125,0.02734375
1,Dan Phuong,0.234375,-0.033334352,14.62808228,0.53125,0
27,Bac Tu Liem,0.15234375,-1.079999566,10.92636681,0.46875,0.00390625
137,Bac Tu Liem,0.01953125,1.370001197,40.65236282,0.41015625,0.00390625
4,Bac Tu Liem,0.27734375,-1.136251092,11.21080589,0.1484375,0.015625
22,Bac Tu Liem,0.44921875,-1.098516107,11.05631638,0.41796875,0.00390625
5,Bac Tu Liem,0.140625,-1.079999566,10.9106636,0.4453125,0.00390625
6,Bac Tu Liem,0.12890625,-1.079999566,10.90748978,0.44921875,0.00390625
1,Bac Tu Liem,0.14453125,-1.079999566,10.9108181,0.4296875,0.00390625
1,Bac Tu Liem,0.2421875,-0.831563592,11.13773727,0.10546875,0.0234375
25,Bac Tu Liem,0.02734375,1.283556342,117.4641418,0.14453125,0.00390625
1,Bac Tu Liem,0.03125,1.254804969,121.3283615,0.15625,0
1,Bac Tu Liem,0.07421875,0.299063116,11.30105877,0.125,0.01171875
35,Bac Tu Liem,0.0078125,2.280603886,122.9874115,0.11328125,0.00390625
0,Bac Tu Liem,0.25,1.740000129,11.08936882,0.19921875,0.03125
1,Bac Tu Liem,0,2.372068882,152.8673401,0.015625,0
1,Bac Tu Liem,0,1.69266355,155.3915558,0.046875,0
2,Bac Tu Liem,0,1.658502936,155.8385773,0.05078125,0
1,Bac Tu Liem,0.40625,1.136015296,13.41117573,0.484375,0.00390625
0,Bac Tu Liem,0,1.574179053,117.6143494,0.03125,0
1,Bac Tu Liem,0,1.429804206,43.20372391,0.0078125,0
0,Bac Tu Liem,0,1.55941236,108.5124435,0.0078125,0
3,Bac Tu Liem,0.24609375,0.588125587,16.96736717,0.43359375,0
7,Bac Tu Liem,0.58203125,1.887812018,19.52057266,0.3046875,0.0234375
2,Bac Tu Liem,0.37109375,1.882189155,18.22015381,0.2109375,0.00390625
0,Bac Tu Liem,0.07421875,1.75226438,11.95665359,0.046875,0
62,Bac Tu Liem,0.1875,1.8554672,17.85306549,0.12109375,0.0234375
2,Bac Tu Liem,0.8671875,1.434557319,21.17258835,0.08203125,0
1,Bac Tu Liem,0.01171875,2.260000706,118.6993942,0.1796875,0.01171875
0,Bac Tu Liem,0.01953125,2.208334446,118.0099564,0.18359375,0.01171875
2,Bac Tu Liem,0.80859375,2.62247324,16.56531906,0.12890625,0
11,Bac Tu Liem,0.71484375,2.864767551,16.53776169,0.125,0
0,Cau Giay,0.0078125,0.551401496,0,0.0546875,0.21875
26,Cau Giay,0.0078125,0.557569861,0,0.05078125,0.19921875
45,Cau Giay,0.0078125,0.526140571,71.30953979,0.046875,0.2265625
0,Cau Giay,0.0078125,0.543848395,81.10993195,0.03515625,0.20703125
9,Cau Giay,0.0078125,0.567324042,90.9103241,0.02734375,0.18359375
3,Cau Giay,0.0078125,0.541857123,91.77626801,0.02734375,0.22265625
2,Bac Tu Liem,0.41015625,3.050444126,17.58933067,0.1015625,0
3,Cau Giay,0,0.545038581,131.2988892,0,0.05078125
4,Cau Giay,0,0.522753119,134.2323303,0,0.0625
2,Cau Giay,0,0.250391394,87.60375214,0.015625,0.6328125
0,Cau Giay,0,0.541857123,143.7444763,0,0.00390625
3,Bac Tu Liem,0.00390625,2.397058964,27.22779274,0.0078125,0
1,Bac Tu Liem,0.0078125,2.306040287,33.83646393,0.15234375,0.2421875
0,Bac Tu Liem,0,3.413748264,141.9887085,0.00390625,0.015625
3,Bac Tu Liem,0.00390625,3.403749943,147.362442,0.01171875,0.015625
3,Ba Dinh,0.02734375,-0.295213312,158.2007599,0.0625,0.0859375
1,Bac Tu Liem,0.0546875,2.818308353,33.04558563,0.28125,0
0,Bac Tu Liem,0.11328125,3.654634953,22.98189163,0.08984375,0
0,Bac Tu Liem,0.02734375,3.527136326,29.94307518,0,0.00390625
1,Ba Dinh,0.0546875,-0.126523584,163.4192505,0.21484375,0.125
0,Ba Dinh,0.0546875,0.031561278,185.5578308,0.13671875,0.04296875
0,Ba Dinh,0.0546875,0.065664671,191.1268005,0.10546875,0.03515625
0,Ba Dinh,0.00390625,0.841562629,70.40229797,0.1171875,0
1,Ba Dinh,0.16796875,-0.031015014,313.8258667,0.109375,0.0390625
0,Ba Dinh,0.0859375,0.048670195,344.8783569,0.15234375,0.01953125
0,Ba Dinh,0.1484375,0.056639098,313.5324097,0.21484375,0.00390625
0,Ba Dinh,0.01171875,0.331564337,410.4020081,0.1328125,0.0078125
0,Cau Giay,0.03125,4.245676517,164.887085,0.015625,0.0078125
3,Bac Tu Liem,0.0703125,3.586668491,28.47843933,0.07421875,0
0,Cau Giay,0.03125,4.230181217,167.7556458,0,0.0078125
0,Cau Giay,0.03125,4.279764652,170.5308228,0.00390625,0.0078125
4,Cau Giay,0.02734375,4.329348087,173.3059845,0.00390625,0.0078125
18,Cau Giay,0.00390625,4.453672886,181.1371155,0.0078125,0.0078125
0,Ba Dinh,0.00390625,0.330740362,63.70259857,0.125,0
0,Ba Dinh,0,2.550001621,246.3011169,0.00390625,0
0,Ba Dinh,0,0.819959998,101.7652969,0.01171875,0
1,Cau Giay,0.03125,4.325293064,181.6601257,0,0.0078125
4,Cau Giay,0.046875,4.248697758,189.9793701,0.21484375,0.00390625
0,Ba Dinh,0,0.927416205,315.9609985,0,0.0234375
7,Ba Dinh,0,0.513334632,300.1840515,0.015625,0.08203125
0,Ba Dinh,0.00390625,1.268751502,440.3717957,0.015625,0.00390625
0,Ba Dinh,0,0.973497748,122.4701385,0,0
3,Bac Tu Liem,0.02734375,2.702745914,129.3030396,0.109375,0.0078125
6,Cau Giay,0.03125,4.353548527,183.2622681,0,0.0078125
16,Cau Giay,0.02734375,4.460981846,184.4651642,0.00390625,0.0078125
9,Cau Giay,0.015625,4.501616001,184.8144836,0.00390625,0.0078125
1,Cau Giay,0.00390625,4.535704136,184.0726471,0.00390625,0.0078125
0,Ba Dinh,0.015625,1.315782905,469.3703613,0.0234375,0.00390625
8,Ba Dinh,0,1.339685798,442.9537354,0.0078125,0.00390625
0,Ba Dinh,0,1.339685798,430.692627,0.00390625,0
2,Ba Dinh,0,1.199102759,158.4269867,0,0
1,Ba Dinh,0,1.603334785,297.3016968,0,0
0,Ba Dinh,0,1.603334785,290.0679321,0,0.00390625
1,Ba Dinh,0,2.815130711,279.3970947,0,0
0,Ba Dinh,0,3.825834751,249.5388794,0,0
1,Ba Dinh,0,2.985571384,271.7660522,0,0.0078125
0,Ba Dinh,0.07421875,4.34815836,246.013916,0.078125,0
6,Ba Dinh,0,4.554289341,261.1773682,0,0
0,Ba Dinh,0,4.547472477,262.3631897,0,0
5,Ba Dinh,0,4.539927006,263.7922363,0,0
2,Ba Dinh,0,2.156797886,208.6538696,0,0
1,Ba Dinh,0.06640625,4.686666965,247.5036926,0.0625,0
0,Ba Dinh,0,4.860208988,261.3041077,0,0.00390625
0,Ba Dinh,0.06640625,4.686666965,247.9869537,0.0625,0
0,Ba Dinh,0.0234375,4.686666965,250.7303009,0.0390625,0
40,Bac Tu Liem,0.08203125,1.353495002,39.94462967,0.234375,0
38,Bac Tu Liem,0.06640625,1.382852912,43.0580101,0.21875,0
0,Ba Dinh,0.00390625,4.869688511,263.828186,0.0078125,0.00390625
1,Ba Dinh,0.00390625,4.871874332,265.392395,0.0078125,0.00390625
0,Ba Dinh,0.00390625,4.87260294,265.8272095,0.0078125,0.00390625
0,Ba Dinh,0.05078125,4.686666965,253.4403687,0.0546875,0
2,Cau Giay,0.00390625,4.711668491,251.5608521,0.05859375,0.0078125
1,Cau Giay,0.03515625,4.720312595,244.2489929,0.0390625,0.01171875
7,Cau Giay,0.0625,4.71999979,250.0034943,0.0859375,0.0078125
2,Cau Giay,0.06640625,4.71999979,251.8222961,0.0859375,0.0078125
0,Cau Giay,0.0703125,4.71999979,253.0491028,0.0859375,0.0078125
0,Cau Giay,0.0390625,4.674868107,274.8223267,0.02734375,0.0390625
0,Cau Giay,0.0859375,4.72416544,248.9152527,0.1015625,0.01171875
3,Cau Giay,0.14453125,4.728334904,251.7585144,0.10546875,0.01171875
5,Cau Giay,0,3.666906834,163.9315948,0,0
0,Cau Giay,0,3.540846348,172.2785339,0,0
2,Cau Giay,0,3.581003666,175.5083313,0,0
1,Ba Dinh,0.0078125,4.714685917,289.6521606,0.0078125,0.00390625
0,Ba Dinh,0.00390625,4.711512089,290.7271423,0.0078125,0
0,Ba Dinh,0.01171875,4.652578831,291.6023865,0.00390625,0
0,Ba Dinh,0.01171875,4.629454136,290.3041992,0.00390625,0
0,Ba Dinh,0.0234375,4.571314335,287.4789734,0.00390625,0
0,Ba Dinh,0.06640625,4.256407261,287.3814697,0.01171875,0
0,Ba Dinh,0.06640625,4.162889957,289.2252808,0.01171875,0
1,Cau Giay,0,3.347219944,162.8147888,0,0
2,Cau Giay,0,3.46950388,174.4247131,0,0
2,Cau Giay,0,3.504122257,177.1047363,0,0
0,Cau Giay,0,3.536432743,179.7847595,0,0
1,Ba Dinh,0,4.683489323,294.8466187,0,0
0,Cau Giay,0,3.141680241,179.0353699,0,0
0,Ba Dinh,0.00390625,4.603594303,301.5667419,0,0.00390625
0,Cau Giay,0.00390625,3.077696323,178.7958527,0,0
2,Ba Dinh,0.015625,4.616720676,302.659729,0,0.00390625
1,Cau Giay,0.01953125,3.080000401,165.7053528,0,0
40,Ha Dong,0,0.34903565,16.18138123,0.21875,0
1,Ha Dong,0,0.334974676,15.93621254,0.0546875,0.00390625
5,Ha Dong,0,0.339270025,15.98078728,0.0859375,0
5,Ha Dong,0,0.328722388,16.16936111,0.0234375,0.0234375
43,Ha Dong,0,0.333803564,16.13318443,0.03515625,0.01171875
13,Ha Dong,0,0.338098913,16.05723381,0.0625,0.00390625
28,Ha Dong,0,0.342005163,16.09226799,0.08984375,0
175,Ha Dong,0,0.3451294,16.12730408,0.11328125,0
260,Ha Dong,0,0.302942663,16.55483437,0.0234375,0.01953125
23,Ha Dong,0,0.332239538,16.30422974,0.05078125,0.01953125
122,Ha Dong,0,0.313490301,16.60540771,0.03515625,0.01953125
11,Ha Dong,0,0.339662939,16.4276104,0.0625,0.01171875
30,Ha Dong,0.01953125,1.840910316,34.10034561,0.0859375,0.00390625
6,Ha Dong,0.02734375,1.752107978,31.01470184,0.09375,0.00390625
0,Ha Dong,0.01953125,1.660990119,31.14437485,0.0859375,0.00390625
9,Ha Dong,0.015625,1.501249671,25.37517929,0.1015625,0
8,Ha Dong,0.0078125,1.501249671,24.65696335,0.08984375,0
153,Ha Dong,0.0078125,1.381876349,23.86385345,0.1015625,0
0,Ha Dong,0.0078125,1.278517127,23.2585392,0.1171875,0
1,Ha Dong,0.00390625,1.023748755,26.02696991,0.0390625,0
3,Chuong My,0,-1.519803643,9.994040489,0.859375,0.00390625
0,Ha Dong,0,-0.013333892,16.77635384,0.21484375,0.02734375
15,Chuong My,0.00390625,-2.233335018,10.29225922,0.66796875,0.16796875
13,Ha Dong,0.03125,0.111666106,15.21367455,0.34375,0
16,Chuong My,0.01171875,-2.233335018,10.3549118,0.6953125,0.1328125
891,Ha Dong,0.109375,-0.008878326,15.45516968,0.58203125,0.02734375
41,Chuong My,0.0078125,-2.233335018,10.36689472,0.66796875,0.1328125
10,Chuong My,0.00390625,-2.233335018,10.35862827,0.60546875,0.16796875
6,Ha Dong,0.01171875,0.109167479,15.76692581,0.16015625,0.01171875
19,Ha Dong,0.19921875,-0.061757661,14.27815819,0.65234375,0.015625
64,Ha Dong,0.15234375,-1.424165368,10.83071899,0.7890625,0
8,Chuong My,0.0625,-1.608983636,9.979109764,0.4609375,0
137,Chuong My,0.09765625,-1.665624261,10.0130558,0.41796875,0
14,Ha Dong,0.234375,-1.061250329,12.10373497,0.515625,0
27,Ha Dong,0.10546875,-1.532498956,9.083154678,0.42578125,0
4,Ha Dong,0.09765625,-1.491250634,9.041883469,0.39453125,0
14,Ha Dong,0.0703125,-1.357186913,9.527963638,0.109375,0
4,Chuong My,0.11328125,-1.303125024,8.904309273,0.01953125,0
13,Chuong My,0.09765625,-1.342084527,9.047584534,0.23828125,0.00390625
4,Chuong My,0.11328125,-1.309999108,8.939422607,0.0625,0
0,Chuong My,0.08984375,-1.331250787,9.243803978,0.37109375,0.00390625
4,Chuong My,0.09765625,-1.313230157,9.022354126,0.1953125,0.00390625
3,Chuong My,0.109375,-1.28364718,8.933747292,0.08203125,0
0,Chuong My,0.09765625,-1.263124108,8.894968033,0.04296875,0
15,Ha Dong,0.00390625,0.482889563,16.13519287,0.0078125,0
2,Chuong My,0.10546875,-1.224374413,8.877015114,0.1171875,0
1,Chuong My,0.1015625,-1.199479699,8.821383476,0.0703125,0
22,Ha Dong,0,0.387304693,16.2054863,0.0234375,0
28,Ha Dong,0,0.399023443,16.16847992,0.015625,0
11,Chuong My,0.10546875,-1.193647027,8.794475555,0.12890625,0
1,Chuong My,0.39453125,-1.564843774,12.85864449,0.48828125,0.01171875
2,Ha Dong,0,0.36245957,16.14315033,0.01953125,0
9,Chuong My,0.4140625,-1.596250176,12.83756828,0.453125,0.01171875
1,Chuong My,0.18359375,-1.649491906,9.553453445,0.203125,0.00390625
34,Ha Dong,0.05078125,-0.198983759,14.84013462,0.62890625,0.05078125
2,Ha Dong,0.0390625,-0.144689173,15.18659115,0.5390625,0.0390625
62,Ha Dong,0,-0.129998773,15.26545906,0.0234375,0
105,Ha Dong,0,-0.126443475,14.60918427,0.02734375,0
5,Ha Dong,0.09375,0.379843146,13.61803627,0.38671875,0.00390625
87,Ha Dong,0,-0.101564027,14.34409904,0.01953125,0
23,Ha Dong,0.0078125,-0.129998773,14.17211056,0.0078125,0
0,Ha Dong,0.0078125,-0.129998773,14.06196976,0.05078125,0
25,Ha Dong,0.0078125,-0.129998773,14.05905819,0.03125,0
7,Ha Dong,0.0078125,-0.129998773,14.07152367,0.015625,0
44,Ha Dong,0.0078125,-0.129998773,13.97012329,0.0390625,0
20,Ha Dong,0.16796875,0.390001684,12.91434956,0.41015625,0.00390625
21,Ha Dong,0,-0.094453432,13.71178055,0.06640625,0
11,Ha Dong,0.171875,0.390001684,12.96601486,0.375,0.0078125
2,Ha Dong,0.0625,0.32093659,13.38484764,0.37109375,0.00390625
4,Ha Dong,0.15234375,0.390001684,13.06418991,0.34765625,0.0078125
32,Ha Dong,0.15234375,0.390001684,13.01726341,0.3515625,0.0078125
227,Ha Dong,0,-0.141717523,15.80412292,0.34765625,0
167,Ha Dong,0,-0.016717529,13.23086357,0.15625,0
99,Ha Dong,0,-0.035001375,13.37556458,0.09765625,0
1311,Ha Dong,0,-0.036248781,13.51542664,0.0703125,0
97,Ha Dong,0,-0.105390169,15.60584164,0.48046875,0
54,Ha Dong,0,0.339727789,12.1971302,0.08984375,0
1,Ha Dong,0,0.175196081,12.13026237,0.15234375,0
15,Ha Dong,0,0.207186133,12.09159279,0.1328125,0
2,Ha Dong,0,0.285391241,12.10961437,0.08203125,0
27,Chuong My,0.015625,-1.187917352,10.9699192,0.3046875,0.1015625
9,Ha Dong,0.109375,-0.333230585,12.75209618,0.83203125,0
8,Ha Dong,0.0234375,0.510000587,13.51148987,0.10546875,0
10,Ha Dong,0.01953125,0.510000587,13.37817574,0.10546875,0
4,Ha Dong,0.01953125,0.508165717,13.21090317,0.12890625,0
7,Ha Dong,0,0.048750304,11.94049549,0.16015625,0
4,Ha Dong,0.02734375,0.589998603,14.21801186,0.125,0
36,Ha Dong,0.01953125,0.609999061,13.9028616,0.12890625,0
25,Chuong My,0.0078125,-1.21875155,10.69300556,0.46484375,0.27734375
54,Chuong My,0.05859375,-1.483750939,9.85584259,0.54296875,0.0234375
13,Ha Dong,0.1015625,0.219999701,15.30799103,0.2109375,0
80,Ha Dong,0.15625,0.240000159,11.7239666,0.48046875,0
114,Ha Dong,0.109375,0.22574082,15.5898571,0.1484375,0
17,Chuong My,0.0703125,-1.239999413,13.98388672,0.4765625,0.01953125
24,Chuong My,0.01171875,-0.951303124,14.48185158,0.41796875,0.16015625
11,Chuong My,0.01171875,-0.953698754,15.54328728,0.40625,0.1640625
3,Chuong My,0.00390625,-0.31716308,22.63367462,0.09375,0.01953125
24,Chuong My,0.00390625,-0.311482996,23.03661728,0.08984375,0.01953125
2,Chuong My,0.00390625,-0.294454187,24.35389328,0.06640625,0.0078125
0,Chuong My,0.00390625,-0.283097833,24.50769615,0.03515625,0.00390625
3,Chuong My,0.05078125,-0.928491235,31.39916801,0.25,0.0234375
2,Chuong My,0.07421875,-0.798436761,29.11759949,0.23046875,0.02734375
0,Chuong My,0.07421875,-0.780469537,28.33866882,0.2578125,0.03125
25,Chuong My,0.015625,-0.408788294,16.03613663,0.36328125,0.09765625
108,Ha Dong,0.015625,0.225702673,11.72390842,0.40625,0
14,Ha Dong,0.0078125,0.193514258,11.56002045,0.46875,0
10,Ha Dong,0.0703125,-0.379064173,10.66984367,0.58984375,0
777,Ha Dong,0.0625,-0.394998163,10.61888123,0.5859375,0
1,Chuong My,0.0078125,-1.780213952,17.64868927,0.6015625,0.02734375
22,Ha Dong,0.14453125,-0.138280481,9.840427399,0.28125,0
0,Chuong My,0.0078125,-1.820001245,16.236166,0.60546875,0
16,Ha Dong,0.01171875,-0.490312189,9.89575386,0.25390625,0
9,Chuong My,0.0390625,-0.273332208,11.13974094,0.26953125,0
0,Chuong My,0.03125,-0.283334345,11.33028603,0.26171875,0
15,Ha Dong,0.00390625,-0.541249871,9.571517944,0.40234375,0
16,Ha Dong,0.00390625,-0.523358941,9.561825752,0.29296875,0.0234375
3,Ha Dong,0.00390625,-0.533982873,9.560152054,0.3046875,0.01171875
21,Ha Dong,0.00390625,-0.547265649,9.558479309,0.33984375,0
7,Ha Dong,0,-0.561875939,9.551738739,0.38671875,0
4,Ha Dong,0.00390625,-0.52570498,9.557879448,0.26171875,0.0234375
2,Ha Dong,0.00390625,-0.552266717,9.559663773,0.3125,0
6,Ha Dong,0.00390625,-0.54132998,9.562465668,0.29296875,0.01171875
35,Ha Dong,0,-0.574533105,9.572324753,0.37890625,0
5,Ha Dong,0.0234375,-0.481248468,9.443851471,0.37890625,0.0234375
7,Ha Dong,0.0234375,-0.498513788,9.474805832,0.2734375,0.0234375
2,Ha Dong,0.015625,-0.50781405,9.497632027,0.26953125,0.0234375
6,Ha Dong,0.015625,-0.518437982,9.520458221,0.27734375,0.0234375
443,Ha Dong,0,-0.606561303,9.632587433,0.47265625,0
16,Ha Dong,0.00390625,-0.536718011,9.554340363,0.2890625,0.0234375
15,Ha Dong,0.00390625,-0.571248651,9.593698502,0.359375,0
14,Ha Dong,0.01953125,-0.525781274,9.495531082,0.26953125,0.0234375
3,Ha Dong,0,-0.621408105,9.665369034,0.46875,0
7,Chuong My,0.02734375,-2.43378973,10.55583477,0.76953125,0.046875
0,Chuong My,0.03515625,-2.998475552,12.51506329,0.828125,0.00390625
5,Chuong My,0.0078125,-2.698106289,12.03267479,0.80078125,0.09375
7,Chuong My,0.00390625,-2.013711452,11.07843876,0.625,0.015625
0,Chuong My,0.00390625,-3.019999981,23.62988281,0.2578125,0.09765625
1,Chuong My,0.00390625,-3.019999981,23.16687012,0.25390625,0.09765625
13,Chuong My,0,-1.984471917,12.15894699,0.81640625,0.06640625
0,Chuong My,0.00390625,-3.019999981,20.27592468,0.40234375,0.1015625
3,Chuong My,0.00390625,-3.144296169,9.815750122,0.98046875,0.015625
3,Chuong My,0.00390625,-3.019999981,20.51080513,0.35546875,0.10546875
0,Chuong My,0.00390625,-3.019999981,19.18277168,0.40234375,0.1015625
19,Chuong My,0.13671875,-2.699374676,15.48023701,0.4453125,0.0078125
0,Chuong My,0.140625,-2.653438091,14.94690514,0.3671875,0.0078125
15,Chuong My,0.1328125,-2.769374371,15.14955139,0.5703125,0.01953125
5,Chuong My,0.12109375,-2.754062176,14.80238628,0.5546875,0.015625
9,Chuong My,0.11328125,-2.832149029,14.14792633,0.53125,0.015625
3,Chuong My,0,-1.914434075,44.06668091,0.13671875,0.0625
6,Chuong My,0,-1.911836267,43.80457306,0.14453125,0.0625
1,Chuong My,0,-1.904786706,43.14888,0.16015625,0.0625
1,Chuong My,0.01171875,-1.905896783,43.6238327,0.15234375,0.08203125
26,Chuong My,0.02734375,-2.410001278,8.868673325,0.9296875,0
7,Chuong My,0.05859375,-1.832421899,29.64519119,0.39453125,0.08203125
3,Chuong My,0.05859375,-1.828340173,27.17978668,0.421875,0.11328125
1,Chuong My,0.046875,-1.869237542,24.82987595,0.46875,0.12890625
4,Chuong My,0.03125,-1.954373956,20.16498566,0.5703125,0.11328125
7,Chuong My,0.453125,-3.526666164,9.316516876,0.44140625,0.01171875
1,Chuong My,0.48046875,-3.557292461,9.353257179,0.41796875,0.01171875
2,Chuong My,0.5,-3.553853512,9.234003067,0.41015625,0.01171875
1,Chuong My,0.50390625,-3.567603588,9.314968109,0.40234375,0.01171875
23,Chuong My,0.06640625,-3.619792461,9.876197815,0.80859375,0.06640625
2,Chuong My,0.0625,-1.945878625,9.178002357,0.23828125,0.05078125
1,Chuong My,0.0546875,-1.958123803,9.187042236,0.29296875,0.046875
15,Chuong My,0.05859375,-1.970372796,9.196083069,0.33984375,0.046875
0,Chuong My,0.05859375,-1.982617974,9.205121994,0.390625,0.046875
41,Chuong My,0.04296875,-1.978162408,9.213140488,0.45703125,0.03515625
20,Chuong My,0.11328125,-2.217599392,8.646156311,0.64453125,0
33,Chuong My,0.125,-2.245584011,8.675096512,0.6640625,0
2,Chuong My,0.1328125,-2.25718832,8.723312378,0.6953125,0
0,Chuong My,0.140625,-2.255040646,8.676748276,0.70703125,0
3,Chuong My,0.171875,-2.246015072,8.591319084,0.69140625,0
18,Chuong My,0.2109375,-0.012578582,12.59066772,0.1328125,0.00390625
3,Chuong My,0.16015625,-0.125466913,12.74326324,0.12109375,0.00390625
7,Chuong My,0.16796875,-0.057004549,13.51403999,0.18359375,0.0078125
0,Chuong My,0.07421875,-0.385808557,13.61528015,0.0625,0
14,Chuong My,0.01953125,-0.618177056,12.95425415,0.046875,0
2,Chuong My,0.01953125,-0.604375482,14.85312271,0.07421875,0
2,Chuong My,0.015625,-0.728437066,14.61565399,0.07421875,0
0,Chuong My,0.0234375,-0.678853631,15.20004559,0.0859375,0
0,Chuong My,0.17578125,-3.00101614,9.184545517,0.390625,0
0,Chuong My,0.01953125,-0.808099389,14.91270638,0.078125,0
8,Chuong My,0.05078125,-2.505624294,7.921388626,0.91796875,0.03125
2,Chuong My,0.02734375,-0.897004724,16.88154984,0.1171875,0
9,Chuong My,0.23828125,-6.180741787,10.04802895,0.26953125,0
3,Chuong My,0.234375,-8.662773132,9.643558502,0.26171875,0
2,Chuong My,0.2578125,-7.421758175,10.14855003,0.2578125,0
0,Chuong My,0.296875,-6.798125744,10.71723938,0.265625,0
15,Chuong My,0.234375,-11.39300728,9.061916351,0.25,0
8,Chuong My,0.3125,-7.537265301,11.0093174,0.25390625,0
4,Chuong My,0.34375,-3.79625082,12.48792076,0.32421875,0
17,Chuong My,0.18359375,-4.817441463,15.58897018,0.36328125,0.01171875
