Mosquitoes,Location_effect,Forest_ratio,Lag_rain,Lag_temp,Bi-month_rain,Bi-month_temp,NDVI,Population,Bi-month_rain_center,Bi-month_rain_power,Rice_ratio,Water_ratio
32,2,0.0859375,85.95494843,29.94664001,38.12761688,28.1444664,0.317254126,8.238382339,1.427616835,2.038089991,0.35546875,0
4,2,0.12109375,85.95494843,30.50697899,38.12761688,28.43562508,0.33840692,8.829214096,1.427616835,2.038089991,0.51171875,0
43,2,0.11328125,85.95494843,30.41523361,38.12761688,28.44251251,0.329911619,8.907863617,1.427616835,2.038089991,0.46484375,0
0,2,0.1484375,85.95494843,31.00960922,38.12761688,28.65313721,0.355178535,11.31149864,1.427616835,2.038089991,0.68359375,0
11,2,0.1015625,85.95494843,31.77979088,38.12761688,28.88656235,0.338546693,12.16423798,1.427616835,2.038089991,0.57421875,0
0,2,0.09375,85.95494843,31.50895882,38.12761688,28.8044796,0.342778504,12.2466507,1.427616835,2.038089991,0.59765625,0
0,2,0.046875,85.95494843,31.98208427,38.12761688,29.29954147,0.294223547,10.55180073,1.427616835,2.038089991,0.48046875,0
49,2,0.03125,85.95494843,32.8199234,38.12761688,29.61898422,0.315688521,9.707893372,1.427616835,2.038089991,0.34375,0
5,2,0.01171875,85.95494843,33.21140671,38.12761688,29.96899986,0.288461506,12.91898537,1.427616835,2.038089991,0.19140625,0
17,2,0.2109375,85.95494843,33.90593719,38.12761688,30.36829758,0.350766987,14.15337276,1.427616835,2.038089991,0.66015625,0
2,2,0,84.88499451,33.40206909,36.43988419,30.3908596,0.187580407,9.316394806,-0.260115802,0.067660235,0.7734375,0
1,2,0.00390625,79.27436829,32.84062576,34.25741959,29.73463631,0.174853325,15.90416813,-2.442580462,5.966198921,0.07421875,0.05078125
1,2,0.00390625,79.27436829,32.83382797,34.25741959,29.69921494,0.176742166,16.30257416,-2.442580462,5.966198921,0.09375,0.05859375
10,2,0.01171875,79.27436829,32.77199173,34.25741959,29.60461235,0.188635722,18.45509148,-2.442580462,5.966198921,0.19140625,0.10546875
3,2,0.01171875,79.27436829,32.76374817,34.25741959,29.60124969,0.191531897,18.98167992,-2.442580462,5.966198921,0.22265625,0.1171875
8,2,0,79.27436829,32.95152283,34.25741959,29.71686554,0.177461326,17.91693878,-2.442580462,5.966198921,0.08203125,0.0625
21,2,0.0078125,79.27436829,32.93187332,34.25741959,29.6639576,0.187009066,20.99209404,-2.442580462,5.966198921,0.15234375,0.1015625
8,2,0.015625,79.27436829,33.09999847,34.25741959,29.7266674,0.195167527,0,-2.442580462,5.966198921,0.203125,0.1328125
6,2,0.015625,79.27436829,33.09999847,34.25741959,29.7266674,0.197557807,0,-2.442580462,5.966198921,0.2265625,0.14453125
1,2,0.01171875,79.27436829,32.61191559,34.25741959,30.2738533,0.15371944,7.780892849,-2.442580462,5.966198921,0.60546875,0.203125
0,2,0.01953125,79.27436829,33.09999847,34.25741959,29.7266674,0.195536837,28.00073433,-2.442580462,5.966198921,0.1953125,0.12109375
126,2,0.05078125,85.95494843,34.05031204,38.12761688,30.66001511,0.310279191,11.93088818,1.427616835,2.038089991,0.19140625,0
1,2,0.03515625,79.27436829,33.08660126,34.25741959,29.74168777,0.202674806,37.68653107,-2.442580462,5.966198921,0.17578125,0.12890625
86,2,0.20703125,84.88499451,33.68906403,36.43988419,30.72484398,0.253637195,11.08083344,-0.260115802,0.067660235,0.2890625,0
16,2,0.01953125,84.88499451,34.13300705,36.43988419,31.50866508,0.219327539,11.8374157,-0.260115802,0.067660235,0.5390625,0.01953125
12,2,0.03125,84.88499451,34.54847717,36.43988419,31.46281815,0.212342784,11.6817646,-0.260115802,0.067660235,0.53515625,0.02734375
396,2,0.015625,84.88499451,34.15999985,36.43988419,31.78666687,0.211786151,11.94094181,-0.260115802,0.067660235,0.48828125,0.0078125
10,2,0.1796875,85.95494843,33.75547028,38.12761688,30.79732513,0.286984742,12.78515816,1.427616835,2.038089991,0.51171875,0.0234375
3,2,0.015625,84.88499451,34.81156158,36.43988419,31.56557274,0.194714323,12.0053606,-0.260115802,0.067660235,0.265625,0.03515625
5,2,0.01171875,79.27436829,34.59000015,34.25741959,30.68400002,0.147290975,15.86039734,-2.442580462,5.966198921,0.16796875,0
14,2,0.03125,84.88499451,35.55644608,36.43988419,31.41837883,0.191194072,11.18886566,-0.260115802,0.067660235,0.10546875,0
9,2,0.0703125,84.88499451,35.52878952,36.43988419,31.41708946,0.199441075,11.4759655,-0.260115802,0.067660235,0.15234375,0
54,2,0.03125,84.88499451,35.38917923,36.43988419,31.52680397,0.185258001,11.4710865,-0.260115802,0.067660235,0.0859375,0.01953125
0,2,0.03515625,84.88499451,35.56472778,36.43988419,31.4709568,0.192458823,11.25425529,-0.260115802,0.067660235,0.09765625,0
4,2,0.01171875,84.88499451,35.56394577,36.43988419,31.57306671,0.18476218,11.19279289,-0.260115802,0.067660235,0.0703125,0
0,2,0.0703125,82.0796814,35.02843857,35.34865189,31.4533596,0.192445755,13.86082363,-1.351348162,1.826141715,0.40625,0
0,2,0.078125,82.78100586,35.35093689,35.62145996,31.78121948,0.192625478,13.94288063,-1.078540087,1.163248658,0.1796875,0
3,2,0.09765625,85.22189331,34.50648499,36.99196625,31.89574242,0.238348439,11.85606956,0.291966259,0.085244291,0.55078125,0.12890625
1,2,0.0625,80.18309021,34.66675949,35.75036621,32.2096405,0.136829808,13.39705467,-0.949633777,0.901804328,0.78515625,0.01953125
3,2,0.078125,85.48392487,34.68937683,37.42136765,32.70811081,0.168910816,13.92362022,0.721367657,0.520371258,0.703125,0.140625
0,1,0.01953125,80.18309021,34.81703186,35.75036621,31.04103088,0.137864858,21.15789413,-0.949633777,0.901804328,0.15625,0.00390625
69,2,0.0859375,85.48392487,34.93999863,37.42136765,32.29999924,0.14777118,13.52192688,0.721367657,0.520371258,0.7734375,0
175,2,0.0078125,85.48392487,33.93125153,37.42136765,30.98374939,0.279419899,12.82025528,0.721367657,0.520371258,0.31640625,0
154,2,0.01171875,82.50221252,34.88874817,36.48143005,32.56479263,0.134763867,14.20111847,-0.218569949,0.047772821,0.0703125,0
13,2,0.0078125,82.17090607,34.88406372,36.37699127,32.58901215,0.134451061,14.19744301,-0.323008716,0.104334638,0.05078125,0
9,2,0.0078125,81.83959961,34.87968826,36.2725563,32.61161423,0.134155631,14.19376755,-0.427443683,0.182708114,0.03515625,0
6,2,0.0859375,80.18309021,34.34515762,35.75036621,31.34912491,0.126054943,14.47672081,-0.949633777,0.901804328,0.51953125,0.00390625
1,1,0.03125,80.18309021,34.70226669,35.75036621,30.84826469,0.136957899,20.0276165,-0.949633777,0.901804328,0.1484375,0.00390625
4,1,0.03125,80.18309021,34.65370941,35.75036621,30.76671028,0.137721956,20.24173355,-0.949633777,0.901804328,0.16796875,0
3,2,0,80.18309021,34.86156082,35.75036621,32.70526123,0.133855671,14.28520489,-0.949633777,0.901804328,0,0.00390625
23,1,0.03125,80.18309021,34.55660248,35.75036621,30.60360146,0.137761414,20.04516602,-0.949633777,0.901804328,0.171875,0
4,2,0.01953125,85.48392487,33.71880341,37.42136765,30.97315025,0.31559664,13.66119289,0.721367657,0.520371258,0.5,0.02734375
0,2,0.0234375,82.50221252,34.73500061,36.48143005,32.51458359,0.134644508,14.74080563,-0.218569949,0.047772821,0.19140625,0
1,2,0.01953125,82.17090607,34.73156357,36.37699127,32.53234482,0.134368584,14.75405216,-0.323008716,0.104334638,0.15625,0
0,2,0.03125,82.50221252,34.66187668,36.48143005,32.47010422,0.134785265,14.86426067,-0.218569949,0.047772821,0.22265625,0.00390625
0,1,0.0546875,80.18309021,34.25296783,35.75036621,30.42043686,0.132915169,18.12610245,-0.949633777,0.901804328,0.0703125,0
25,1,0.0546875,80.18309021,34.18375015,35.75036621,30.32400703,0.133419365,18.50969696,-0.949633777,0.901804328,0.09765625,0
5,2,0.12890625,85.48392487,34.5348053,37.42136765,32.25961685,0.142799973,13.78366661,0.721367657,0.520371258,0.671875,0.0078125
7,1,0.00390625,80.18309021,34.66292953,35.75036621,30.93685913,0.130906194,14.19811821,-0.949633777,0.901804328,0.03515625,0
14,1,0.00390625,80.18309021,34.65109253,35.75036621,30.93681335,0.130622238,14.1973238,-0.949633777,0.901804328,0.015625,0
3,1,0.1484375,80.18309021,33.72886658,35.75036621,29.89024162,0.136328384,18.84076691,-0.949633777,0.901804328,0.25,0.00390625
0,1,0.05859375,80.18309021,34.06851578,35.75036621,30.43745232,0.130944267,16.25468826,-0.949633777,0.901804328,0.078125,0.00390625
0,1,0.1484375,80.18309021,33.66484451,35.75036621,29.91809464,0.135643482,18.57723808,-0.949633777,0.901804328,0.23828125,0.00390625
1,2,0.1328125,85.48392487,34.22105408,37.42136765,32.21847153,0.143230796,13.62103558,0.721367657,0.520371258,0.6953125,0.00390625
6,1,0.06640625,80.18309021,34.05324173,35.75036621,30.48768806,0.131158993,15.36308956,-0.949633777,0.901804328,0.0859375,0
2,1,0.06640625,80.18309021,33.98589706,35.75036621,30.42085075,0.131168991,15.78313065,-0.949633777,0.901804328,0.09765625,0.00390625
7,1,0.078125,80.18309021,31.39037704,35.75036621,29.03051567,0.142095,11.28962135,-0.949633777,0.901804328,0.57421875,0.05078125
6,1,0.3046875,80.18309021,33.44187546,35.75036621,29.9497509,0.141028836,17.48434448,-0.949633777,0.901804328,0.296875,0.00390625
10,2,0.18359375,80.18309021,34.59484482,35.75036621,30.91831207,0.120920375,13.80306911,-0.949633777,0.901804328,0.5234375,0.00390625
0,1,0.3125,80.18309021,33.40874863,35.75036621,30.02949905,0.140448377,17.29062653,-0.949633777,0.901804328,0.26953125,0.00390625
0,1,0.328125,80.18309021,33.40874863,35.75036621,30.02949905,0.141441941,17.15187073,-0.949633777,0.901804328,0.25390625,0.00390625
4,1,0.00390625,77.74337006,33.00833511,36.33179092,29.42350006,0.151955426,125.1658325,-0.368209064,0.135577917,0.0234375,0.01171875
0,1,0.0234375,77.74337006,33.02434921,36.33179092,29.43006325,0.150226891,121.8048553,-0.368209064,0.135577917,0.03515625,0.0234375
6,1,0.1328125,80.18309021,33.49136734,35.75036621,30.35971069,0.133153409,14.63381195,-0.949633777,0.901804328,0.328125,0.00390625
3,1,0.0234375,77.74337006,33.12401199,36.33179092,29.52637482,0.152821288,122.1142349,-0.368209064,0.135577917,0.046875,0.01953125
3,1,0.0234375,77.74337006,33.14002609,36.33179092,29.532938,0.152513131,120.1638947,-0.368209064,0.135577917,0.05078125,0.01953125
5,1,0.0234375,77.74337006,33.16138077,36.33179092,29.54168701,0.152546853,118.4563904,-0.368209064,0.135577917,0.05859375,0.01953125
14,1,0.0234375,77.74337006,33.27882767,36.33179092,29.58981323,0.152015746,113.0819473,-0.368209064,0.135577917,0.06640625,0.01953125
2,1,0.0234375,77.74337006,33.33221436,36.33179092,29.61168671,0.152345508,111.1225357,-0.368209064,0.135577917,0.0625,0.01953125
2,1,0.0234375,77.74337006,33.39093781,36.33179092,29.63574982,0.152730346,109.1631165,-0.368209064,0.135577917,0.0625,0.01953125
2,1,0.07421875,77.74337006,33.2183342,36.33179092,29.62050056,0.159425244,126.4741135,-0.368209064,0.135577917,0.16015625,0.03125
1,1,0.01171875,77.74337006,34.07197952,36.33179092,29.98778152,0.15388748,98.59947205,-0.368209064,0.135577917,0.046875,0
2,1,0.01171875,77.74337006,34.26864624,36.33179092,30.11884308,0.156815886,91.55760193,-0.368209064,0.135577917,0.046875,0
0,1,0,77.74337006,34.31994629,36.33179092,30.14153099,0.156327158,92.50730896,-0.368209064,0.135577917,0.03515625,0
1,2,0.046875,80.18309021,34.81687546,35.75036621,30.91666603,0.122301862,14.47423744,-0.949633777,0.901804328,0.671875,0.015625
0,1,0.3203125,80.18309021,33.20999908,35.75036621,30.50799942,0.13917008,16.38495255,-0.949633777,0.901804328,0.2890625,0.00390625
0,1,0.0078125,74.3316803,33.58839798,33.90945053,29.81953812,0.121624649,111.1016006,-2.790549517,7.787166119,0.0859375,0.1953125
6,1,0.1171875,77.74337006,33.53333282,36.33179092,29.91600037,0.160447076,98.33813477,-0.368209064,0.135577917,0.203125,0.03125
0,1,0.33203125,80.18309021,33.20152283,35.75036621,30.502985,0.140046731,15.46767426,-0.949633777,0.901804328,0.29296875,0.00390625
294,2,0.00390625,85.48392487,35.42941284,37.42136765,33.49518204,0.236571208,72.81525421,0.721367657,0.520371258,0.03125,0
7,1,0.35546875,80.18309021,33.20999908,35.75036621,30.50799942,0.138995826,12.93439579,-0.949633777,0.901804328,0.49609375,0
53,1,0.31640625,80.18309021,33.19587326,35.75036621,30.49964142,0.140420735,15.16370964,-0.949633777,0.901804328,0.30078125,0.00390625
8,1,0.0390625,77.74337006,35.0765419,36.33179092,30.46198463,0.167744666,120.5246887,-0.368209064,0.135577917,0.08203125,0
5,2,0.0234375,85.48392487,34.58218765,37.42136765,32.63354111,0.282774359,43.25648499,0.721367657,0.520371258,0.15625,0.0078125
15,1,0.046875,77.74337006,35.00490189,36.33179092,30.46767235,0.171359092,93.26599884,-0.368209064,0.135577917,0.10546875,0
8,1,0.10546875,77.74337006,33.5386734,36.33179092,29.9181881,0.160108566,75.81507111,-0.368209064,0.135577917,0.21484375,0.02734375
14,1,0.10546875,77.74337006,33.5546875,36.33179092,29.92474937,0.159744978,77.04990387,-0.368209064,0.135577917,0.2265625,0.02734375
4,2,0.01171875,85.48392487,35.96667862,37.42136765,34.04158783,0.234084725,80.71948242,0.721367657,0.520371258,0,0
4,2,0.02734375,85.48392487,35.8358078,37.42136765,33.90848923,0.245136589,70.74635315,0.721367657,0.520371258,0,0
2,1,0.09375,77.74337006,31.65999985,36.33179092,29.20400047,0.16076678,15.96892452,-0.368209064,0.135577917,0.296875,0
2,1,0.0625,77.74337006,34.8199234,36.33179092,30.44318771,0.161029249,41.3469696,-0.368209064,0.135577917,0.12109375,0
2,2,0.00390625,85.48392487,36.07593918,37.42136765,34.1485939,0.225814074,85.65792847,0.721367657,0.520371258,0,0
20,2,0.02734375,85.48392487,33.26628876,37.42136765,32.24177551,0.126824245,13.66614151,0.721367657,0.520371258,0.87890625,0.09375
4,1,0.16796875,80.18309021,32.86424637,35.75036621,30.28818703,0.148634687,13.23395348,-0.949633777,0.901804328,0.171875,0.00390625
1,1,0.07421875,77.74337006,35.03499985,36.33179092,30.78949928,0.167594805,37.45679855,-0.368209064,0.135577917,0.09375,0
18,2,0.0078125,80.18309021,35.00437546,35.75036621,32.72791672,0.11360769,18.82495117,-0.949633777,0.901804328,0.4140625,0.00390625
0,1,0.0390625,78.50578308,32.13812637,36.15009308,29.71525002,0.149924755,13.74286652,-0.549906909,0.302397609,0.17578125,0
0,2,0,85.48392487,35.77960968,37.42136765,33.80744934,0.215139747,78.7060318,0.721367657,0.520371258,0.00390625,0
24,1,0.03515625,80.18309021,32.89677048,35.75036621,30.27187538,0.15120624,13.04205322,-0.949633777,0.901804328,0.18359375,0.00390625
2,1,0.05078125,78.04833984,32.33062363,36.2591095,29.91749954,0.151381716,12.46030617,-0.440890491,0.194384441,0.09375,0
18,2,0,85.48392487,35.70078278,37.42136765,33.70924377,0.219582587,68.88063049,0.721367657,0.520371258,0.03515625,0
24,1,0.09765625,80.18309021,33.03723907,35.75036621,30.33806229,0.150733292,12.1283617,-0.949633777,0.901804328,0.2265625,0
0,1,0.0625,78.04833984,32.42718887,36.2591095,30.01806259,0.15153873,12.12796593,-0.440890491,0.194384441,0.13671875,0
2,2,0.0078125,80.18309021,35.03187561,35.75036621,32.73958206,0.111740857,19.44657516,-0.949633777,0.901804328,0.42578125,0.015625
0,2,0.01953125,80.18309021,34.69187546,35.75036621,31.31256294,0.119459614,17.78467369,-0.949633777,0.901804328,0.0625,0
17,1,0.05859375,80.18309021,33.06791687,35.75036621,30.34774971,0.152791843,12.32930183,-0.949633777,0.901804328,0.35546875,0
2,1,0.125,77.74337006,32.64093781,36.33179092,30.19643784,0.159983724,11.3964262,-0.368209064,0.135577917,0.2890625,0
1,2,0.0078125,85.48392487,35.33496094,37.42136765,33.47104263,0.22710301,64.43612671,0.721367657,0.520371258,0.0234375,0
4,2,0.04296875,85.48392487,35.47468567,37.42136765,33.39593887,0.164240927,27.57614899,0.721367657,0.520371258,0.14453125,0
2,2,0.0546875,85.48392487,35.46296692,37.42136765,33.38057327,0.163277492,27.21449661,0.721367657,0.520371258,0.17578125,0
0,2,0.04296875,80.18309021,34.64749908,35.75036621,31.41275024,0.120591857,17.98287964,-0.949633777,0.901804328,0.171875,0
2,2,0,85.48392487,35.05347824,37.42136765,33.29049301,0.224544436,69.36943817,0.721367657,0.520371258,0.01171875,0
2,2,0.0078125,85.48392487,35.09495926,37.42136765,33.31375122,0.230942503,60.75006866,0.721367657,0.520371258,0.05078125,0
2,2,0.06640625,80.18309021,34.63395691,35.75036621,31.46081161,0.121185735,18.04885101,-0.949633777,0.901804328,0.19921875,0
0,2,0,85.48392487,34.95546722,37.42136765,33.22463608,0.226217836,66.37884521,0.721367657,0.520371258,0.01953125,0
3,2,0.12109375,85.48392487,35.30875015,37.42136765,33.17333221,0.150026321,22.81391907,0.721367657,0.520371258,0.50390625,0.01171875
10,2,0,85.48392487,34.72140503,37.42136765,33.06927109,0.229923546,64.55627441,0.721367657,0.520371258,0.015625,0
1,2,0,85.48392487,34.72187424,37.42136765,33.06791687,0.231886774,64.62310791,0.721367657,0.520371258,0.015625,0.015625
30,2,0.02734375,85.48392487,34.72000122,37.42136765,33.07333374,0.245989442,53.58872604,0.721367657,0.520371258,0.10546875,0
9,2,0.01171875,85.48392487,34.72140503,37.42136765,33.06927109,0.235823601,63.76253128,0.721367657,0.520371258,0.03125,0.01953125
3,2,0.01171875,85.48392487,34.72082138,37.42136765,33.07096481,0.238238215,63.3031044,0.721367657,0.520371258,0.03515625,0.00390625
0,2,0.03515625,85.48392487,34.72000122,37.42136765,33.07333374,0.249684632,53.10132599,0.721367657,0.520371258,0.12890625,0
2,2,0.03515625,85.48392487,34.72000122,37.42136765,33.07333374,0.253516793,48.01635742,0.721367657,0.520371258,0.234375,0
22,1,0.05078125,77.74337006,35.5745697,36.33179092,31.75666046,0.154147476,45.78015137,-0.368209064,0.135577917,0.34765625,0
12,2,0.16015625,85.48392487,34.62297058,37.42136765,32.61375046,0.118441395,61.90954208,0.721367657,0.520371258,0.38671875,0
0,1,0.05859375,77.74337006,35.51867294,36.33179092,31.7455864,0.152136832,59.77735519,-0.368209064,0.135577917,0.34375,0
2,2,0.0859375,85.48392487,34.72164154,37.42136765,33.06859207,0.261674345,50.1706543,0.721367657,0.520371258,0.2421875,0.0625
6,2,0.04296875,80.18309021,34.61614609,35.75036621,31.65914154,0.118615046,20.43575668,-0.949633777,0.901804328,0.1171875,0
8,2,0.078125,85.48392487,34.72000122,37.42136765,33.07333374,0.254753172,51.78072357,0.721367657,0.520371258,0.20703125,0.0078125
3,1,0.3984375,80.18309021,33.50523376,35.75036621,30.65443802,0.154871166,11.0886631,-0.949633777,0.901804328,0.39453125,0
2,1,0.23046875,77.74337006,35.18234253,36.33179092,31.47101593,0.175180018,68.23573303,-0.368209064,0.135577917,0.25390625,0.01171875
4,1,0.05859375,77.74337006,35.59113312,36.33179092,31.7599411,0.14651601,68.99609375,-0.368209064,0.135577917,0.28125,0
136,1,0.05859375,77.74337006,35.62218857,36.33179092,31.76609421,0.146974191,63.15888214,-0.368209064,0.135577917,0.296875,0
4,2,0.0703125,80.18309021,34.61804581,35.75036621,31.66365242,0.117418617,21.07552338,-0.949633777,0.901804328,0.0859375,0
159,1,0.0078125,77.74337006,35.97000122,36.33179092,31.83499908,0.149793789,29.40789795,-0.368209064,0.135577917,0.453125,0
268,1,0.0078125,77.74337006,35.97000122,36.33179092,31.83499908,0.150458336,30.14880371,-0.368209064,0.135577917,0.46484375,0.00390625
10,2,0.24609375,80.18309021,34.57364655,35.75036621,31.26169968,0.13662754,16.47021866,-0.949633777,0.901804328,0.578125,0.02734375
1,2,0.234375,80.18309021,34.56666565,35.75036621,31.13999939,0.137748495,14.62808228,-0.949633777,0.901804328,0.53125,0
27,1,0.15234375,80.18309021,33.52000046,35.75036621,30.55599976,0.156845555,10.92636681,-0.949633777,0.901804328,0.46875,0.00390625
137,1,0.01953125,77.74337006,35.97000122,36.33179092,31.83499908,0.152028859,40.65236282,-0.368209064,0.135577917,0.41015625,0.00390625
4,1,0.27734375,80.18309021,33.46374893,35.75036621,30.93099976,0.142385483,11.21080589,-0.949633777,0.901804328,0.1484375,0.015625
22,1,0.44921875,80.18309021,33.50148392,35.75036621,30.67943764,0.15269199,11.05631638,-0.949633777,0.901804328,0.41796875,0.00390625
5,1,0.140625,80.18309021,33.52000046,35.75036621,30.55599976,0.156407654,10.9106636,-0.949633777,0.901804328,0.4453125,0.00390625
6,1,0.12890625,80.18309021,33.52000046,35.75036621,30.55599976,0.156374604,10.90748978,-0.949633777,0.901804328,0.44921875,0.00390625
1,1,0.14453125,80.18309021,33.52000046,35.75036621,30.55599976,0.156277329,10.9108181,-0.949633777,0.901804328,0.4296875,0.00390625
1,1,0.2421875,80.18309021,33.76843643,35.75036621,31.01976204,0.143015444,11.13773727,-0.949633777,0.901804328,0.10546875,0.0234375
25,1,0.02734375,77.74337006,35.88355637,36.33179092,32.03466034,0.13764897,117.4641418,-0.368209064,0.135577917,0.14453125,0.00390625
1,1,0.03125,77.74337006,35.85480499,36.33179092,32.03902435,0.143266767,121.3283615,-0.368209064,0.135577917,0.15625,0
1,1,0.07421875,80.18309021,34.89906311,35.75036621,31.29275703,0.139974877,11.30105877,-0.949633777,0.901804328,0.125,0.01171875
35,1,0.0078125,77.74337006,36.88060379,36.33179092,33.97700882,0.135614187,122.9874115,-0.368209064,0.135577917,0.11328125,0.00390625
0,1,0.25,80.18309021,36.34000015,35.75036621,31.875,0.147453785,11.08936882,-0.949633777,0.901804328,0.19921875,0.03125
1,1,0,77.74337006,36.97206879,36.33179092,34.13867188,0.12496154,152.8673401,-0.368209064,0.135577917,0.015625,0
1,1,0,77.74337006,36.29266357,36.33179092,33.38118362,0.131946117,155.3915558,-0.368209064,0.135577917,0.046875,0
2,1,0,77.74337006,36.25850296,36.33179092,33.34309769,0.133429572,155.8385773,-0.368209064,0.135577917,0.05078125,0
1,1,0.40625,80.18309021,35.73601532,35.75036621,31.48065567,0.150519326,13.41117573,-0.949633777,0.901804328,0.484375,0.00390625
0,1,0,77.74337006,36.17417908,36.33179092,33.24847794,0.137693107,117.6143494,-0.368209064,0.135577917,0.03125,0
1,1,0,76.25074768,36.02980423,35.27201843,32.98035049,0.126955196,43.20372391,-1.427981615,2.039131403,0.0078125,0
0,1,0,77.74337006,36.15941238,36.33179092,33.22105408,0.127391666,108.5124435,-0.368209064,0.135577917,0.0078125,0
3,1,0.24609375,77.74337006,35.18812561,36.33179092,31.55804253,0.176303744,16.96736717,-0.368209064,0.135577917,0.43359375,0
7,1,0.58203125,77.74337006,36.48781204,36.33179092,32.66664124,0.142257214,19.52057266,-0.368209064,0.135577917,0.3046875,0.0234375
2,1,0.37109375,77.74337006,36.48218918,36.33179092,32.6558609,0.134921521,18.22015381,-0.368209064,0.135577917,0.2109375,0.00390625
0,2,0.07421875,80.18309021,36.3522644,35.75036621,31.5893898,0.16269508,11.95665359,-0.949633777,0.901804328,0.046875,0
62,1,0.1875,77.74337006,36.45546722,36.33179092,32.60464859,0.133521661,17.85306549,-0.368209064,0.135577917,0.12109375,0.0234375
2,1,0.8671875,77.74337006,36.03455734,36.33179092,31.28258514,0.161953986,21.17258835,-0.368209064,0.135577917,0.08203125,0
1,1,0.01171875,77.74337006,36.86000061,36.33179092,33.78374863,0.103377864,118.6993942,-0.368209064,0.135577917,0.1796875,0.01171875
0,1,0.01953125,77.74337006,36.80833435,36.33179092,33.71302032,0.103347346,118.0099564,-0.368209064,0.135577917,0.18359375,0.01171875
2,1,0.80859375,77.74337006,37.22247314,36.33179092,31.91882515,0.145301834,16.56531906,-0.368209064,0.135577917,0.12890625,0
11,1,0.71484375,77.74337006,37.46476746,36.33179092,31.78116798,0.140509278,16.53776169,-0.368209064,0.135577917,0.125,0
0,1,0.0078125,74.3316803,35.15140152,33.90945053,31.62117958,0.085298024,0,-2.790549517,7.787166119,0.0546875,0.21875
26,1,0.0078125,74.3316803,35.15756989,33.90945053,31.61780548,0.085079558,0,-2.790549517,7.787166119,0.05078125,0.19921875
45,1,0.0078125,74.3316803,35.12614059,33.90945053,31.58355904,0.084238976,71.30953979,-2.790549517,7.787166119,0.046875,0.2265625
0,1,0.0078125,74.3316803,35.14384842,33.90945053,31.58593559,0.084007338,81.10993195,-2.790549517,7.787166119,0.03515625,0.20703125
9,1,0.0078125,74.3316803,35.16732407,33.90945053,31.59118462,0.083938107,90.9103241,-2.790549517,7.787166119,0.02734375,0.18359375
3,1,0.0078125,74.3316803,35.14185715,33.90945053,31.56878853,0.08320348,91.77626801,-2.790549517,7.787166119,0.02734375,0.22265625
2,1,0.41015625,77.74337006,37.65044403,36.33179092,31.74998856,0.131299481,17.58933067,-0.368209064,0.135577917,0.1015625,0
3,1,0,74.3316803,35.1450386,33.90945053,31.57158852,0.083179131,131.2988892,-2.790549517,7.787166119,0,0.05078125
4,1,0,74.3316803,35.12275314,33.90945053,31.55199242,0.082973644,134.2323303,-2.790549517,7.787166119,0,0.0625
2,1,0,74.3316803,34.85039139,33.90945053,31.3589592,0.07298062,87.60375214,-2.790549517,7.787166119,0.015625,0.6328125
0,1,0,74.3316803,35.14185715,33.90945053,31.56878853,0.082159445,143.7444763,-2.790549517,7.787166119,0,0.00390625
3,1,0.00390625,77.74337006,36.99705887,36.33179092,32.47463608,0.124611899,27.22779274,-0.368209064,0.135577917,0.0078125,0
1,1,0.0078125,77.74337006,36.90604019,36.33179092,33.52377701,0.105243579,33.83646393,-0.368209064,0.135577917,0.15234375,0.2421875
0,1,0,77.74337006,38.01374817,36.33179092,33.33233261,0.094323367,141.9887085,-0.368209064,0.135577917,0.00390625,0.015625
3,1,0.00390625,77.74337006,38.00374985,36.33179092,33.1763916,0.094550192,147.362442,-0.368209064,0.135577917,0.01171875,0.015625
3,1,0.02734375,73.72163391,34.30478668,34.35641479,30.38582039,0.082719244,158.2007599,-2.343585253,5.492391586,0.0625,0.0859375
1,1,0.0546875,76.06695557,37.41830826,36.90245819,32.9439621,0.129718527,33.04558563,0.202458188,0.040989321,0.28125,0
0,1,0.11328125,75.98473358,38.25463486,37.09238815,33.81478119,0.167381898,22.98189163,0.392388165,0.153968468,0.08984375,0
0,1,0.02734375,75.08800507,38.12713623,37.30655289,33.57870865,0.16419211,29.94307518,0.606552899,0.367906392,0,0.00390625
1,1,0.0546875,72.70489502,34.47347641,35.10134888,30.22566414,0.078680895,163.4192505,-1.598651171,2.55568552,0.21484375,0.125
0,1,0.0546875,72.70489502,34.63156128,35.10134888,30.31749916,0.080882996,185.5578308,-1.598651171,2.55568552,0.13671875,0.04296875
0,1,0.0546875,72.70489502,34.66566467,35.10134888,30.34093666,0.081408791,191.1268005,-1.598651171,2.55568552,0.10546875,0.03515625
0,1,0.00390625,71.07811737,35.44156265,36.29325104,30.39145851,0.088287085,70.40229797,-0.40674895,0.165444717,0.1171875,0
1,1,0.16796875,71.07811737,34.56898499,36.29325104,29.83255196,0.078837141,313.8258667,-0.40674895,0.165444717,0.109375,0.0390625
0,1,0.0859375,71.07811737,34.6486702,36.29325104,29.88359451,0.078586191,344.8783569,-0.40674895,0.165444717,0.15234375,0.01953125
0,1,0.1484375,71.07811737,34.6566391,36.29325104,29.88869858,0.075382128,313.5324097,-0.40674895,0.165444717,0.21484375,0.00390625
0,1,0.01171875,71.07811737,34.93156433,36.29325104,30.06479073,0.076530397,410.4020081,-0.40674895,0.165444717,0.1328125,0.0078125
0,1,0.03125,71.03773499,38.84567642,38.61445999,34.87937546,0.096919328,164.887085,1.914459944,3.66515708,0.015625,0.0078125
3,1,0.0703125,71.59921265,38.1866684,38.47942352,35.43999863,0.151543334,28.47843933,1.779423475,3.16634798,0.07421875,0
0,1,0.03125,71.03773499,38.83018112,38.61445999,34.87156296,0.097034782,167.7556458,1.914459944,3.66515708,0,0.0078125
0,1,0.03125,71.03773499,38.87976456,38.61445999,34.89656067,0.096636429,170.5308228,1.914459944,3.66515708,0.00390625,0.0078125
4,1,0.02734375,71.03773499,38.92934799,38.61445999,34.92156219,0.096284688,173.3059845,1.914459944,3.66515708,0.00390625,0.0078125
18,1,0.00390625,71.03773499,39.05367279,38.61445999,35.00406265,0.095244154,181.1371155,1.914459944,3.66515708,0.0078125,0.0078125
0,1,0.00390625,70.6714859,34.93074036,32.80699921,30.92037201,0.096444547,63.70259857,-3.893000841,15.15545559,0.125,0
0,1,0,71.07811737,37.15000153,36.29325104,33.84775162,0.076994546,246.3011169,-0.40674895,0.165444717,0.00390625,0
0,1,0,70.81671143,35.41996002,34.05208588,30.89336777,0.087908998,101.7652969,-2.647914171,7.011449337,0.01171875,0
1,1,0.03125,71.03773499,38.92529297,38.61445999,35.02064514,0.095935762,181.6601257,1.914459944,3.66515708,0,0.0078125
4,1,0.046875,71.03773499,38.84869766,38.61445999,34.86793137,0.082741767,189.9793701,1.914459944,3.66515708,0.21484375,0.00390625
0,1,0,71.07811737,35.52741623,36.29325104,31.41342163,0.071591027,315.9609985,-0.40674895,0.165444717,0,0.0234375
7,1,0,71.07811737,35.11333466,36.29325104,30.93300056,0.071064472,300.1840515,-0.40674895,0.165444717,0.015625,0.08203125
0,1,0.00390625,71.07811737,35.86875153,36.29325104,30.8983326,0.075694352,440.3717957,-0.40674895,0.165444717,0.015625,0.00390625
0,1,0,70.84575653,35.57349777,34.3011055,30.96707344,0.086239681,122.4701385,-2.398894548,5.754694939,0,0
3,1,0.02734375,71.03773499,37.30274582,38.61445999,34.90333176,0.133621782,129.3030396,1.914459944,3.66515708,0.109375,0.0078125
6,1,0.03125,71.03773499,38.95354843,38.61445999,35.05470657,0.095778167,183.2622681,1.914459944,3.66515708,0,0.0078125
16,1,0.02734375,71.03773499,39.06098175,38.61445999,35.09013748,0.095269561,184.4651642,1.914459944,3.66515708,0.00390625,0.0078125
9,1,0.015625,71.03773499,39.10161591,38.61445999,35.10749817,0.094914302,184.8144836,1.914459944,3.66515708,0.00390625,0.0078125
1,1,0.00390625,71.03773499,39.13570404,38.61445999,35.12468719,0.094622165,184.0726471,1.914459944,3.66515708,0.00390625,0.0078125
0,1,0.015625,71.07811737,35.91578293,36.29325104,30.98677063,0.074792147,469.3703613,-0.40674895,0.165444717,0.0234375,0.00390625
8,1,0,71.07811737,35.93968582,36.29325104,31.00208282,0.075409368,442.9537354,-0.40674895,0.165444717,0.0078125,0.00390625
0,1,0,71.07811737,35.93968582,36.29325104,31.00208282,0.075897269,430.692627,-0.40674895,0.165444717,0.00390625,0
2,1,0,70.87480164,35.79910278,34.55012512,31.13806725,0.083754532,158.4269867,-2.149874926,4.62196207,0,0
1,1,0,71.07811737,36.20333481,36.29325104,31.45274925,0.071981162,297.3016968,-0.40674895,0.165444717,0,0
0,1,0,71.07811737,36.20333481,36.29325104,31.45274925,0.071612984,290.0679321,-0.40674895,0.165444717,0,0.00390625
1,1,0,71.07811737,37.41513062,36.29325104,32.44509506,0.072622359,279.3970947,-0.40674895,0.165444717,0,0
0,1,0,71.07811737,38.42583466,36.29325104,34.47389221,0.074235111,249.5388794,-0.40674895,0.165444717,0,0
1,1,0,71.07811737,37.58557129,36.29325104,32.11856079,0.072485805,271.7660522,-0.40674895,0.165444717,0,0.0078125
0,1,0.07421875,71.07811737,38.94815826,36.29325104,34.75234222,0.080425203,246.013916,-0.40674895,0.165444717,0.078125,0
6,1,0,71.07811737,39.15428925,36.29325104,33.02292252,0.073231719,261.1773682,-0.40674895,0.165444717,0,0
0,1,0,71.07811737,39.14747238,36.29325104,32.96521759,0.0734054,262.3631897,-0.40674895,0.165444717,0,0
5,1,0,71.07811737,39.13992691,36.29325104,32.9149704,0.07350754,263.7922363,-0.40674895,0.165444717,0,0
2,1,0,71.03773499,36.75679779,38.61445999,34.83708191,0.117021188,208.6538696,1.914459944,3.66515708,0,0
1,1,0.06640625,71.07811737,39.28666687,36.29325104,34.91999817,0.081031993,247.5036926,-0.40674895,0.165444717,0.0625,0
0,1,0,71.07811737,39.46020889,36.29325104,33.14615631,0.073248379,261.3041077,-0.40674895,0.165444717,0,0.00390625
0,1,0.06640625,71.07811737,39.28666687,36.29325104,34.91999817,0.081144989,247.9869537,-0.40674895,0.165444717,0.0625,0
0,1,0.0234375,71.07811737,39.28666687,36.29325104,34.91999817,0.079915427,250.7303009,-0.40674895,0.165444717,0.0390625,0
40,1,0.08203125,71.03773499,35.95349503,38.61445999,34.3053894,0.143407509,39.94462967,1.914459944,3.66515708,0.234375,0
38,1,0.06640625,71.03773499,35.98285294,38.61445999,34.32484436,0.141998261,43.0580101,1.914459944,3.66515708,0.21875,0
0,1,0.00390625,71.07811737,39.46968842,36.29325104,33.04926682,0.073741481,263.828186,-0.40674895,0.165444717,0.0078125,0.00390625
1,1,0.00390625,71.07811737,39.47187424,36.29325104,33.02690506,0.073878691,265.392395,-0.40674895,0.165444717,0.0078125,0.00390625
0,1,0.00390625,71.07811737,39.47260284,36.29325104,33.01945496,0.073981792,265.8272095,-0.40674895,0.165444717,0.0078125,0.00390625
0,1,0.05078125,71.07811737,39.28666687,36.29325104,34.91999817,0.081110515,253.4403687,-0.40674895,0.165444717,0.0546875,0
2,1,0.00390625,71.07811737,39.3116684,36.29325104,34.72499847,0.079603098,251.5608521,-0.40674895,0.165444717,0.05859375,0.0078125
1,1,0.03515625,71.07307434,39.3203125,36.58340454,34.67570496,0.08120206,244.2489929,-0.116595462,0.013594501,0.0390625,0.01171875
7,1,0.0625,71.07811737,39.31999969,36.29325104,34.65999985,0.078873709,250.0034943,-0.40674895,0.165444717,0.0859375,0.0078125
2,1,0.06640625,71.07811737,39.31999969,36.29325104,34.65999985,0.078559399,251.8222961,-0.40674895,0.165444717,0.0859375,0.0078125
0,1,0.0703125,71.07811737,39.31999969,36.29325104,34.65999985,0.078395411,253.0491028,-0.40674895,0.165444717,0.0859375,0.0078125
0,1,0.0390625,71.07811737,39.27486801,36.29325104,33.46773911,0.076642796,274.8223267,-0.40674895,0.165444717,0.02734375,0.0390625
0,1,0.0859375,71.07811737,39.32416534,36.29325104,34.62749863,0.079029113,248.9152527,-0.40674895,0.165444717,0.1015625,0.01171875
3,1,0.14453125,71.07811737,39.32833481,36.29325104,34.59500122,0.07883516,251.7585144,-0.40674895,0.165444717,0.10546875,0.01171875
5,1,0,71.03773499,38.26690674,38.61445999,34.26409912,0.09451735,163.9315948,1.914459944,3.66515708,0,0
0,1,0,71.03773499,38.14084625,38.61445999,34.25112915,0.094566673,172.2785339,1.914459944,3.66515708,0,0
2,1,0,71.03773499,38.18100357,38.61445999,34.24748993,0.094217286,175.5083313,1.914459944,3.66515708,0,0
1,1,0.0078125,71.07811737,39.31468582,36.29325104,34.65934372,0.077838302,289.6521606,-0.40674895,0.165444717,0.0078125,0.00390625
0,1,0.00390625,71.07811737,39.31151199,36.29325104,34.65067291,0.07780306,290.7271423,-0.40674895,0.165444717,0.0078125,0
0,1,0.01171875,71.07811737,39.25257874,36.29325104,34.64257813,0.078401349,291.6023865,-0.40674895,0.165444717,0.00390625,0
0,1,0.01171875,71.07811737,39.22945404,36.29325104,34.63945389,0.078540042,290.3041992,-0.40674895,0.165444717,0.00390625,0
0,1,0.0234375,71.07811737,39.17131424,36.29325104,34.63114548,0.078731641,287.4789734,-0.40674895,0.165444717,0.00390625,0
0,1,0.06640625,71.07811737,38.85640717,36.29325104,34.57281113,0.078685611,287.3814697,-0.40674895,0.165444717,0.01171875,0
0,1,0.06640625,71.07811737,38.76288986,36.29325104,34.55476379,0.078066736,289.2252808,-0.40674895,0.165444717,0.01171875,0
1,1,0,71.03773499,37.94721985,38.61445999,34.28223038,0.095618822,162.8147888,1.914459944,3.66515708,0,0
2,1,0,71.03773499,38.06950378,38.61445999,34.24319458,0.094468519,174.4247131,1.914459944,3.66515708,0,0
2,1,0,71.03773499,38.10412216,38.61445999,34.23858261,0.094094336,177.1047363,1.914459944,3.66515708,0,0
0,1,0,71.03773499,38.13643265,38.61445999,34.2371254,0.093847707,179.7847595,1.914459944,3.66515708,0,0
1,1,0,71.07811737,39.28348923,36.29325104,34.76420212,0.078365751,294.8466187,-0.40674895,0.165444717,0,0
0,1,0,71.03773499,37.74168015,38.61445999,34.21823502,0.096463487,179.0353699,1.914459944,3.66515708,0,0
0,1,0.00390625,71.07811737,39.20359421,36.29325104,35.0075798,0.079822332,301.5667419,-0.40674895,0.165444717,0,0.00390625
0,1,0.00390625,71.03773499,37.67769623,38.61445999,34.18315125,0.097557351,178.7958527,1.914459944,3.66515708,0,0
2,1,0.015625,71.07811737,39.21672058,36.29325104,34.99351501,0.080847301,302.659729,-0.40674895,0.165444717,0,0.00390625
1,1,0.01953125,71.03773499,37.68000031,38.61445999,34.18000031,0.098843902,165.7053528,1.914459944,3.66515708,0,0
40,1,0,73.77258301,34.94903564,38.4262619,33.66884613,0.188122123,16.18138123,1.726261854,2.97998023,0.21875,0
1,1,0,73.77258301,34.93497467,38.4262619,33.71089554,0.180987716,15.93621254,1.726261854,2.97998023,0.0546875,0.00390625
5,1,0,73.77258301,34.93927002,38.4262619,33.69804764,0.182831913,15.98078728,1.726261854,2.97998023,0.0859375,0
5,1,0,73.77258301,34.92872238,38.4262619,33.72958374,0.179805577,16.16936111,1.726261854,2.97998023,0.0234375,0.0234375
43,1,0,73.77258301,34.93380356,38.4262619,33.71439743,0.181360006,16.13318443,1.726261854,2.97998023,0.03515625,0.01171875
13,1,0,73.77258301,34.93809891,38.4262619,33.70154953,0.183102891,16.05723381,1.726261854,2.97998023,0.0625,0.00390625
28,1,0,73.77258301,34.94200516,38.4262619,33.68987274,0.184953824,16.09226799,1.726261854,2.97998023,0.08984375,0
175,1,0,73.77258301,34.94512939,38.4262619,33.68052673,0.186870873,16.12730408,1.726261854,2.97998023,0.11328125,0
260,1,0,73.77258301,34.90294266,38.4262619,33.80666733,0.176061988,16.55483437,1.726261854,2.97998023,0.0234375,0.01953125
23,1,0,73.77258301,34.93223953,38.4262619,33.71907043,0.182216167,16.30422974,1.726261854,2.97998023,0.05078125,0.01953125
122,1,0,73.77258301,34.9134903,38.4262619,33.77513123,0.178052485,16.60540771,1.726261854,2.97998023,0.03515625,0.01953125
11,1,0,73.77258301,34.93966293,38.4262619,33.69688034,0.186745599,16.4276104,1.726261854,2.97998023,0.0625,0.01171875
30,1,0.01953125,75.40123749,36.44091034,40.65093613,33.94834518,0.09982188,34.10034561,3.950936079,15.60989666,0.0859375,0.00390625
6,1,0.02734375,75.40123749,36.352108,40.65093613,33.89993668,0.099758759,31.01470184,3.950936079,15.60989666,0.09375,0.00390625
0,1,0.01953125,75.40123749,36.26099014,40.65093613,33.90600586,0.099003427,31.14437485,3.950936079,15.60989666,0.0859375,0.00390625
9,1,0.015625,75.40123749,36.10124969,40.65093613,33.87466812,0.098748118,25.37517929,3.950936079,15.60989666,0.1015625,0
8,1,0.0078125,75.40123749,36.10124969,40.65093613,33.87466812,0.098766916,24.65696335,3.950936079,15.60989666,0.08984375,0
153,1,0.0078125,75.40123749,35.98187637,40.65093613,33.86533356,0.098722957,23.86385345,3.950936079,15.60989666,0.1015625,0
0,1,0.0078125,75.40123749,35.87851715,40.65093613,33.85489655,0.098749064,23.2585392,3.950936079,15.60989666,0.1171875,0
1,1,0.00390625,75.40123749,35.62374878,40.65093613,33.83733368,0.098758198,26.02696991,3.950936079,15.60989666,0.0390625,0
3,2,0,77.28245544,33.08019638,37.747612,31.01709557,0.174526796,9.994040489,1.047611952,1.097490907,0.859375,0.00390625
0,1,0,73.77258301,34.58666611,38.4262619,32.83200073,0.171289012,16.77635384,1.726261854,2.97998023,0.21484375,0.02734375
15,2,0.00390625,73.77258301,32.36666489,38.4262619,30.81999969,0.169749439,10.29225922,1.726261854,2.97998023,0.66796875,0.16796875
13,1,0.03125,73.77258301,34.71166611,38.4262619,32.98199844,0.180687666,15.21367455,1.726261854,2.97998023,0.34375,0
16,2,0.01171875,73.77258301,32.36666489,38.4262619,30.81999969,0.170808271,10.3549118,1.726261854,2.97998023,0.6953125,0.1328125
891,1,0.109375,73.77258301,34.59112167,38.4262619,32.77631378,0.195033342,15.45516968,1.726261854,2.97998023,0.58203125,0.02734375
41,2,0.0078125,73.77258301,32.36666489,38.4262619,30.81999969,0.171760648,10.36689472,1.726261854,2.97998023,0.66796875,0.1328125
10,2,0.00390625,73.77258301,32.36666489,38.4262619,30.81999969,0.172016799,10.35862827,1.726261854,2.97998023,0.60546875,0.16796875
6,1,0.01171875,73.77258301,34.70916748,38.4262619,32.97900009,0.171893656,15.76692581,1.726261854,2.97998023,0.16015625,0.01171875
19,1,0.19921875,73.88490295,34.53824234,38.37652588,32.76396942,0.190722674,14.27815819,1.676525831,2.81073904,0.65234375,0.015625
64,2,0.15234375,74.78343964,33.17583466,37.97865295,31.39895821,0.297432393,10.83071899,1.278652906,1.63495338,0.7890625,0
8,2,0.0625,78.24232483,32.99101639,37.02809143,31.16033936,0.194180071,9.979109764,0.328091443,0.107643984,0.4609375,0
137,2,0.09765625,78.30631256,32.93437576,36.98012161,31.16911507,0.195279643,10.0130558,0.280121624,0.078468114,0.41796875,0
14,1,0.234375,75.56965637,33.53874969,37.63051605,31.59101868,0.255156487,12.10373497,0.930516064,0.865860105,0.515625,0
27,1,0.10546875,75.56965637,33.06750107,37.63051605,31.47750092,0.264074624,9.083154678,0.930516064,0.865860105,0.42578125,0
4,1,0.09765625,75.56965637,33.10874939,37.63051605,31.48208427,0.263689101,9.041883469,0.930516064,0.865860105,0.39453125,0
14,1,0.0703125,75.56965637,33.24281311,37.63051605,31.49697876,0.239730239,9.527963638,0.930516064,0.865860105,0.109375,0
4,2,0.11328125,78.30631256,33.296875,36.98012161,31.09188843,0.179257646,8.904309273,0.280121624,0.078468114,0.01953125,0
13,2,0.09765625,78.30631256,33.2579155,36.98012161,31.07528687,0.177293479,9.047584534,0.280121624,0.078468114,0.23828125,0.00390625
4,2,0.11328125,78.30631256,33.29000092,36.98012161,31.08895874,0.179383889,8.939422607,0.280121624,0.078468114,0.0625,0
0,2,0.08984375,78.30631256,33.26874924,36.98012161,31.09149933,0.173587903,9.243803978,0.280121624,0.078468114,0.37109375,0.00390625
4,2,0.09765625,78.30631256,33.28676987,36.98012161,31.09379768,0.177790329,9.022354126,0.280121624,0.078468114,0.1953125,0.00390625
3,2,0.109375,78.30631256,33.31635284,36.98012161,31.10281563,0.179409444,8.933747292,0.280121624,0.078468114,0.08203125,0
0,2,0.09765625,78.30631256,33.33687592,36.98012161,31.10976601,0.179942057,8.894968033,0.280121624,0.078468114,0.04296875,0
15,1,0.00390625,78.68334198,35.08288956,39.1796875,33.88216019,0.119198442,16.13519287,2.479687452,6.148849964,0.0078125,0
2,2,0.10546875,78.30631256,33.37562561,36.98012161,31.12794304,0.178684056,8.877015114,0.280121624,0.078468114,0.1171875,0
1,2,0.1015625,78.30631256,33.40052032,36.98012161,31.13316917,0.179424524,8.821383476,0.280121624,0.078468114,0.0703125,0
22,1,0,78.68334198,34.98730469,39.1796875,33.78706741,0.118977532,16.2054863,2.479687452,6.148849964,0.0234375,0
28,1,0,78.68334198,34.99902344,39.1796875,33.80258179,0.118587211,16.16847992,2.479687452,6.148849964,0.015625,0
11,2,0.10546875,78.30631256,33.406353,36.98012161,31.14007568,0.178472638,8.794475555,0.280121624,0.078468114,0.12890625,0
1,2,0.39453125,78.30631256,33.03515625,36.98012161,31.16574287,0.194237694,12.85864449,0.280121624,0.078468114,0.48828125,0.01171875
2,1,0,78.68334198,34.96245956,39.1796875,33.76990509,0.118054539,16.14315033,2.479687452,6.148849964,0.01953125,0
9,2,0.4140625,78.30631256,33.00374985,36.98012161,31.15526009,0.195917845,12.83756828,0.280121624,0.078468114,0.453125,0.01171875
1,2,0.18359375,78.30631256,32.95050812,36.98012161,31.14248466,0.205070466,9.553453445,0.280121624,0.078468114,0.203125,0.00390625
34,1,0.05078125,75.56965637,34.40101624,37.63051605,32.05889511,0.170395896,14.84013462,0.930516064,0.865860105,0.62890625,0.05078125
2,1,0.0390625,75.56965637,34.45531082,37.63051605,32.05312729,0.170153439,15.18659115,0.930516064,0.865860105,0.5390625,0.0390625
62,1,0,78.68334198,34.47000122,39.1796875,33.30666733,0.10575445,15.26545906,2.479687452,6.148849964,0.0234375,0
105,1,0,78.68334198,34.47355652,39.1796875,33.30898285,0.103864215,14.60918427,2.479687452,6.148849964,0.02734375,0
5,1,0.09375,75.56965637,34.97984314,37.63051605,32.08405685,0.176517069,13.61803627,0.930516064,0.865860105,0.38671875,0.00390625
87,1,0,78.68334198,34.49843597,39.1796875,33.32520676,0.103441626,14.34409904,2.479687452,6.148849964,0.01953125,0
23,1,0.0078125,78.68334198,34.47000122,39.1796875,33.30666733,0.104735479,14.17211056,2.479687452,6.148849964,0.0078125,0
0,1,0.0078125,78.68334198,34.47000122,39.1796875,33.30666733,0.105569124,14.06196976,2.479687452,6.148849964,0.05078125,0
25,1,0.0078125,78.68334198,34.47000122,39.1796875,33.30666733,0.105190054,14.05905819,2.479687452,6.148849964,0.03125,0
7,1,0.0078125,78.68334198,34.47000122,39.1796875,33.30666733,0.104364887,14.07152367,2.479687452,6.148849964,0.015625,0
44,1,0.0078125,78.68334198,34.47000122,39.1796875,33.30666733,0.104575008,13.97012329,2.479687452,6.148849964,0.0390625,0
20,2,0.16796875,75.56965637,34.99000168,37.63051605,32.08499908,0.175646544,12.91434956,0.930516064,0.865860105,0.41015625,0.00390625
21,1,0,78.68334198,34.50554657,39.1796875,33.32984543,0.10374289,13.71178055,2.479687452,6.148849964,0.06640625,0
11,2,0.171875,75.56965637,34.99000168,37.63051605,32.08499908,0.177505985,12.96601486,0.930516064,0.865860105,0.375,0.0078125
2,1,0.0625,75.56965637,34.92093658,37.63051605,32.07857895,0.165300369,13.38484764,0.930516064,0.865860105,0.37109375,0.00390625
4,2,0.15234375,75.56965637,34.99000168,37.63051605,32.08499908,0.178690165,13.06418991,0.930516064,0.865860105,0.34765625,0.0078125
32,2,0.15234375,75.56965637,34.99000168,37.63051605,32.08499908,0.176693901,13.01726341,0.930516064,0.865860105,0.3515625,0.0078125
227,1,0,75.56965637,34.45828247,37.63051605,32.03327942,0.166615456,15.80412292,0.930516064,0.865860105,0.34765625,0
167,1,0,75.56965637,34.58328247,37.63051605,32.09622955,0.152412713,13.23086357,0.930516064,0.865860105,0.15625,0
99,1,0,75.56965637,34.56499863,37.63051605,32.09453201,0.152246982,13.37556458,0.930516064,0.865860105,0.09765625,0
1311,1,0,75.56965637,34.56375122,37.63051605,32.11893082,0.152167633,13.51542664,0.930516064,0.865860105,0.0703125,0
97,1,0,75.56965637,34.49460983,37.63051605,32.09112167,0.18004176,15.60584164,0.930516064,0.865860105,0.48046875,0
54,1,0,78.68334198,34.93972778,39.1796875,33.50857925,0.099385366,12.1971302,2.479687452,6.148849964,0.08984375,0
1,1,0,78.68334198,34.77519608,39.1796875,33.36651611,0.100859612,12.13026237,2.479687452,6.148849964,0.15234375,0
15,1,0,78.68334198,34.80718613,39.1796875,33.38737488,0.100039415,12.09159279,2.479687452,6.148849964,0.1328125,0
2,1,0,78.68334198,34.88539124,39.1796875,33.43836594,0.097701944,12.10961437,2.479687452,6.148849964,0.08203125,0
27,2,0.015625,78.55554962,33.41208267,37.21392822,31.16474915,0.203100383,10.9699192,0.513928235,0.264122218,0.3046875,0.1015625
9,2,0.109375,75.56965637,34.26676941,37.63051605,31.94496918,0.226522297,12.75209618,0.930516064,0.865860105,0.83203125,0
8,2,0.0234375,75.56965637,35.11000061,37.63051605,32.52112579,0.179278672,13.51148987,0.930516064,0.865860105,0.10546875,0
10,2,0.01953125,75.56965637,35.11000061,37.63051605,32.52112579,0.177978262,13.37817574,0.930516064,0.865860105,0.10546875,0
4,2,0.01953125,75.56965637,35.10816574,37.63051605,32.51805878,0.177322924,13.21090317,0.930516064,0.865860105,0.12890625,0
7,1,0,78.68334198,34.64875031,39.1796875,33.21450043,0.09804517,11.94049549,2.479687452,6.148849964,0.16015625,0
4,2,0.02734375,75.56965637,35.18999863,37.63051605,32.81187439,0.195511818,14.21801186,0.930516064,0.865860105,0.125,0
36,2,0.01953125,75.56965637,35.20999908,37.63051605,32.88456345,0.194140613,13.9028616,0.930516064,0.865860105,0.12890625,0
25,2,0.0078125,79.30323792,33.38124847,37.91534042,31.23214531,0.156592667,10.69300556,1.215340376,1.477052331,0.46484375,0.27734375
54,2,0.05859375,79.30323792,33.11624908,37.91534042,31.28583336,0.182872474,9.85584259,1.215340376,1.477052331,0.54296875,0.0234375
13,1,0.1015625,75.56965637,34.81999969,37.63051605,32.75,0.206704199,15.30799103,0.930516064,0.865860105,0.2109375,0
80,1,0.15625,75.56965637,34.84000015,37.63051605,32.46333313,0.173309028,11.7239666,0.930516064,0.865860105,0.48046875,0
114,1,0.109375,75.56965637,34.82574081,37.63051605,32.75583649,0.208613887,15.5898571,0.930516064,0.865860105,0.1484375,0
17,2,0.0703125,79.30323792,33.36000061,37.91534042,31.29333305,0.179098472,13.98388672,1.215340376,1.477052331,0.4765625,0.01953125
24,2,0.01171875,79.30323792,33.6486969,37.91534042,31.3786869,0.176419452,14.48185158,1.215340376,1.477052331,0.41796875,0.16015625
11,2,0.01171875,79.30323792,33.64630127,37.91534042,31.37797928,0.177066892,15.54328728,1.215340376,1.477052331,0.40625,0.1640625
3,2,0.00390625,78.30631256,34.28283691,36.98012161,31.91124916,0.223865062,22.63367462,0.280121624,0.078468114,0.09375,0.01953125
24,2,0.00390625,78.30631256,34.288517,36.98012161,31.9177494,0.222987831,23.03661728,0.280121624,0.078468114,0.08984375,0.01953125
2,2,0.00390625,78.30631256,34.30554581,36.98012161,31.93725014,0.22257705,24.35389328,0.280121624,0.078468114,0.06640625,0.0078125
0,2,0.00390625,78.30631256,34.31690216,36.98012161,31.95025063,0.222885177,24.50769615,0.280121624,0.078468114,0.03515625,0.00390625
3,2,0.05078125,79.30323792,33.67150879,37.91534042,31.39947891,0.181463555,31.39916801,1.215340376,1.477052331,0.25,0.0234375
2,2,0.07421875,79.30323792,33.80156326,37.91534042,31.45776558,0.181593895,29.11759949,1.215340376,1.477052331,0.23046875,0.02734375
0,2,0.07421875,79.30323792,33.81953049,37.91534042,31.46390152,0.181048721,28.33866882,1.215340376,1.477052331,0.2578125,0.03125
25,2,0.015625,78.30631256,34.1912117,36.98012161,31.83421326,0.21685417,16.03613663,0.280121624,0.078468114,0.36328125,0.09765625
108,2,0.015625,75.56965637,34.82570267,37.63051605,32.60309219,0.225796178,11.72390842,0.930516064,0.865860105,0.40625,0
14,2,0.0078125,75.56965637,34.79351425,37.63051605,32.56725693,0.218718112,11.56002045,0.930516064,0.865860105,0.46875,0
10,1,0.0703125,75.56965637,34.22093582,37.63051605,32.06703186,0.153120443,10.66984367,0.930516064,0.865860105,0.58984375,0
777,1,0.0625,75.56965637,34.20500183,37.63051605,32.06499863,0.155007824,10.61888123,0.930516064,0.865860105,0.5859375,0
1,2,0.0078125,78.30631256,32.81978607,36.98012161,31.22324181,0.197590888,17.64868927,0.280121624,0.078468114,0.6015625,0.02734375
22,1,0.14453125,75.56965637,34.46171951,37.63051605,32.31114578,0.191211462,9.840427399,0.930516064,0.865860105,0.28125,0
0,2,0.0078125,78.30631256,32.77999878,36.98012161,31.17200089,0.207370833,16.236166,0.280121624,0.078468114,0.60546875,0
16,1,0.01171875,75.56965637,34.10968781,37.63051605,31.75480461,0.20446071,9.89575386,0.930516064,0.865860105,0.25390625,0
9,2,0.0390625,79.30323792,34.32666779,37.91534042,31.52000046,0.239154637,11.13974094,1.215340376,1.477052331,0.26953125,0
0,2,0.03125,79.30323792,34.31666565,37.91534042,31.47416687,0.239461869,11.33028603,1.215340376,1.477052331,0.26171875,0
15,1,0.00390625,75.56965637,34.05875015,37.63051605,31.34499931,0.169040799,9.571517944,0.930516064,0.865860105,0.40234375,0
16,1,0.00390625,75.56965637,34.07664108,37.63051605,31.33890533,0.173526943,9.561825752,0.930516064,0.865860105,0.29296875,0.0234375
3,1,0.00390625,75.56965637,34.06601715,37.63051605,31.33932304,0.171111122,9.560152054,0.930516064,0.865860105,0.3046875,0.01171875
21,1,0.00390625,75.56965637,34.05273438,37.63051605,31.33984375,0.168744162,9.558479309,0.930516064,0.865860105,0.33984375,0
7,1,0,75.56965637,34.03812408,37.63051605,31.34041595,0.16700235,9.551738739,0.930516064,0.865860105,0.38671875,0
4,1,0.00390625,75.56965637,34.07429504,37.63051605,31.3363018,0.173386082,9.557879448,0.930516064,0.865860105,0.26171875,0.0234375
2,1,0.00390625,75.56965637,34.04773331,37.63051605,31.33734322,0.168601483,9.559663773,0.930516064,0.865860105,0.3125,0
6,1,0.00390625,75.56965637,34.05867004,37.63051605,31.33421898,0.170897961,9.562465668,0.930516064,0.865860105,0.29296875,0.01171875
35,1,0,75.56965637,34.02546692,37.63051605,31.3355217,0.166569561,9.572324753,0.930516064,0.865860105,0.37890625,0
5,1,0.0234375,75.56965637,34.11875153,37.63051605,31.32916641,0.195616633,9.443851471,0.930516064,0.865860105,0.37890625,0.0234375
7,1,0.0234375,75.56965637,34.10148621,37.63051605,31.32984352,0.181378484,9.474805832,0.930516064,0.865860105,0.2734375,0.0234375
2,1,0.015625,75.56965637,34.09218597,37.63051605,31.33020782,0.178504378,9.497632027,0.930516064,0.865860105,0.26953125,0.0234375
6,1,0.015625,75.56965637,34.08156204,37.63051605,31.33062553,0.175847009,9.520458221,0.930516064,0.865860105,0.27734375,0.0234375
443,1,0,75.56965637,33.99343872,37.63051605,31.33507729,0.165192068,9.632587433,0.930516064,0.865860105,0.47265625,0
16,1,0.00390625,75.56965637,34.06328201,37.63051605,31.32864571,0.173365563,9.554340363,0.930516064,0.865860105,0.2890625,0.0234375
15,1,0.00390625,75.56965637,34.02875137,37.63051605,31.32999992,0.169037178,9.593698502,0.930516064,0.865860105,0.359375,0
14,1,0.01953125,75.56965637,34.07421875,37.63051605,31.32552147,0.175880268,9.495531082,0.930516064,0.865860105,0.26953125,0.0234375
3,1,0,75.56965637,33.97859192,37.63051605,31.32927132,0.166313335,9.665369034,0.930516064,0.865860105,0.46875,0
7,2,0.02734375,77.14942169,32.16621017,36.96040726,30.28085899,0.256854177,10.55583477,0.260407269,0.067811936,0.76953125,0.046875
0,2,0.03515625,78.52146912,31.60152435,37.34448624,31.06425858,0.302128494,12.51506329,0.644486248,0.415362507,0.828125,0.00390625
5,2,0.0078125,77.88821411,31.90189362,37.16721725,30.42222595,0.230357438,12.03267479,0.467217267,0.218291968,0.80078125,0.09375
7,2,0.00390625,76.83280182,32.58628845,36.87177277,30.5235672,0.24247171,11.07843876,0.171772763,0.029505882,0.625,0.015625
0,2,0.00390625,76.83280182,31.57999992,36.87177277,30.54000092,0.251094669,23.62988281,0.171772763,0.029505882,0.2578125,0.09765625
1,2,0.00390625,76.83280182,31.57999992,36.87177277,30.54000092,0.25185436,23.16687012,0.171772763,0.029505882,0.25390625,0.09765625
13,2,0,75.4954071,32.61552811,35.3315773,30.6286335,0.245628551,12.15894699,-1.368422747,1.872580647,0.81640625,0.06640625
0,2,0.00390625,76.83280182,31.57999992,36.87177277,30.54000092,0.246976882,20.27592468,0.171772763,0.029505882,0.40234375,0.1015625
3,2,0.00390625,76.93517303,31.45570374,34.85204315,30.93462563,0.132710278,9.815750122,-1.847956896,3.41494441,0.98046875,0.015625
3,2,0.00390625,76.83280182,31.57999992,36.87177277,30.54000092,0.24868238,20.51080513,0.171772763,0.029505882,0.35546875,0.10546875
0,2,0.00390625,76.83280182,31.57999992,36.87177277,30.54000092,0.247673467,19.18277168,0.171772763,0.029505882,0.40234375,0.1015625
19,2,0.13671875,78.52146912,31.90062523,37.34448624,30.66917419,0.309777617,15.48023701,0.644486248,0.415362507,0.4453125,0.0078125
0,2,0.140625,78.52146912,31.94656181,37.34448624,30.6459713,0.317410141,14.94690514,0.644486248,0.415362507,0.3671875,0.0078125
15,2,0.1328125,78.52146912,31.83062553,37.34448624,30.70453072,0.296294212,15.14955139,0.644486248,0.415362507,0.5703125,0.01953125
5,2,0.12109375,78.52146912,31.84593773,37.34448624,30.69679642,0.300504208,14.80238628,0.644486248,0.415362507,0.5546875,0.015625
9,2,0.11328125,78.52146912,31.76785088,37.34448624,30.67886925,0.30404532,14.14792633,0.644486248,0.415362507,0.53125,0.015625
3,2,0,75.4954071,32.68556595,35.3315773,30.78123665,0.22069335,44.06668091,-1.368422747,1.872580647,0.13671875,0.0625
6,2,0,75.4954071,32.68816376,35.3315773,30.77403641,0.223246962,43.80457306,-1.368422747,1.872580647,0.14453125,0.0625
1,2,0,75.4954071,32.69521332,35.3315773,30.75449181,0.228886172,43.14888,-1.368422747,1.872580647,0.16015625,0.0625
1,2,0.01171875,75.4954071,32.69410324,35.3315773,30.7575779,0.222338662,43.6238327,-1.368422747,1.872580647,0.15234375,0.08203125
26,2,0.02734375,75.4954071,32.18999863,35.3315773,30.86800003,0.240658373,8.868673325,-1.368422747,1.872580647,0.9296875,0
7,2,0.05859375,75.4954071,32.76757813,35.3315773,30.55390549,0.225033268,29.64519119,-1.368422747,1.872580647,0.39453125,0.08203125
3,2,0.05859375,75.4954071,32.77165985,35.3315773,30.54259109,0.226905912,27.17978668,-1.368422747,1.872580647,0.421875,0.11328125
1,2,0.046875,75.4954071,32.73076248,35.3315773,30.54483604,0.230129912,24.82987595,-1.368422747,1.872580647,0.46875,0.12890625
4,2,0.03125,75.4954071,32.64562607,35.3315773,30.55858421,0.238354295,20.16498566,-1.368422747,1.872580647,0.5703125,0.11328125
7,2,0.453125,78.52146912,31.07333374,37.34448624,30.45653534,0.388663352,9.316516876,0.644486248,0.415362507,0.44140625,0.01171875
1,2,0.48046875,78.52146912,31.04270744,37.34448624,30.4520092,0.391534269,9.353257179,0.644486248,0.415362507,0.41796875,0.01171875
2,2,0.5,78.52146912,31.04614639,37.34448624,30.45060349,0.394759148,9.234003067,0.644486248,0.415362507,0.41015625,0.01171875
1,2,0.50390625,78.52146912,31.03239632,37.34448624,30.45622826,0.39422062,9.314968109,0.644486248,0.415362507,0.40234375,0.01171875
23,2,0.06640625,76.83280182,30.98020744,36.87177277,30.60207558,0.314611703,9.876197815,0.171772763,0.029505882,0.80859375,0.06640625
2,2,0.0625,74.72944641,32.6541214,36.23636246,31.0292263,0.267273366,9.178002357,-0.463637531,0.21495977,0.23828125,0.05078125
1,2,0.0546875,74.72944641,32.64187622,36.23636246,31.02725029,0.266093791,9.187042236,-0.463637531,0.21495977,0.29296875,0.046875
15,2,0.05859375,74.72944641,32.62962723,36.23636246,31.02527428,0.266666323,9.196083069,-0.463637531,0.21495977,0.33984375,0.046875
0,2,0.05859375,74.72944641,32.61738205,36.23636246,31.02329636,0.265693843,9.205121994,-0.463637531,0.21495977,0.390625,0.046875
41,2,0.04296875,74.72944641,32.62183762,36.23636246,31.02401543,0.268303692,9.213140488,-0.463637531,0.21495977,0.45703125,0.03515625
20,2,0.11328125,74.72944641,32.38240051,36.23636246,31.18053818,0.264553875,8.646156311,-0.463637531,0.21495977,0.64453125,0
33,2,0.125,74.72944641,32.35441589,36.23636246,31.18898392,0.264564633,8.675096512,-0.463637531,0.21495977,0.6640625,0
2,2,0.1328125,74.72944641,32.34281158,36.23636246,31.18687439,0.265083432,8.723312378,-0.463637531,0.21495977,0.6953125,0
0,2,0.140625,74.72944641,32.34495926,36.23636246,31.1872654,0.266157568,8.676748276,-0.463637531,0.21495977,0.70703125,0
3,2,0.171875,74.72944641,32.35398483,36.23636246,31.18890572,0.270733178,8.591319084,-0.463637531,0.21495977,0.69140625,0
18,2,0.2109375,78.5826416,34.58742142,34.78166962,31.36580467,0.258025706,12.59066772,-1.918330431,3.679991484,0.1328125,0.00390625
3,2,0.16015625,78.5826416,34.47453308,34.78166962,31.39557838,0.253560781,12.74326324,-1.918330431,3.679991484,0.12109375,0.00390625
7,2,0.16796875,78.5826416,34.54299545,34.78166962,31.60298729,0.254210204,13.51403999,-1.918330431,3.679991484,0.18359375,0.0078125
0,2,0.07421875,78.5826416,34.21419144,34.78166962,31.59098244,0.256632537,13.61528015,-1.918330431,3.679991484,0.0625,0
14,2,0.01953125,78.5826416,33.98182297,34.78166962,31.44305801,0.253317326,12.95425415,-1.918330431,3.679991484,0.046875,0
2,2,0.01953125,78.5826416,33.99562454,34.78166962,31.7380619,0.255001456,14.85312271,-1.918330431,3.679991484,0.07421875,0
2,2,0.015625,78.5826416,33.87156296,34.78166962,31.72065544,0.253662229,14.61565399,-1.918330431,3.679991484,0.07421875,0
0,2,0.0234375,78.5826416,33.92114639,34.78166962,31.76661491,0.254686177,15.20004559,-1.918330431,3.679991484,0.0859375,0
0,2,0.17578125,76.92562103,31.59898376,36.72768402,30.32398415,0.331272721,9.184545517,0.027684022,0.000766405,0.390625,0
0,2,0.01953125,78.5826416,33.79190063,34.78166962,31.74775314,0.253766954,14.91270638,-1.918330431,3.679991484,0.078125,0
8,2,0.05078125,75.62850189,32.09437561,34.8543129,30.84874916,0.258549333,7.921388626,-1.845687151,3.406560898,0.91796875,0.03125
2,2,0.02734375,78.5826416,33.7029953,34.78166962,31.83373642,0.253447652,16.88154984,-1.918330431,3.679991484,0.1171875,0
9,2,0.23828125,68.8123703,28.41925812,32.85406494,27.00973129,0.329438925,10.04802895,-3.845935106,14.79121685,0.26953125,0
3,2,0.234375,62.8025589,25.93722725,29.98471069,24.65080452,0.305316538,9.643558502,-6.715289116,45.09511185,0.26171875,0
2,2,0.2578125,65.8074646,27.17824173,31.41938782,25.83026695,0.322680384,10.14855003,-5.280611992,27.88486481,0.2578125,0
0,2,0.296875,67.30992126,27.80187416,32.13672638,26.42473221,0.337230653,10.71723938,-4.56327343,20.82346535,0.265625,0
15,2,0.234375,56.19176102,23.2069931,26.82842827,22.05598259,0.279911518,9.061916351,-9.871571541,97.44792938,0.25,0
8,2,0.3125,65.50697327,27.0627346,31.27591896,25.72533417,0.33485356,11.0093174,-5.424080849,29.4206543,0.25390625,0
4,2,0.34375,74.521698,30.80374908,35.57994461,29.29093742,0.393323958,12.48792076,-1.120055437,1.254524112,0.32421875,0
17,2,0.18359375,73.620224,29.78255844,35.14954376,28.18149567,0.338859648,15.58897018,-1.550456285,2.403914452,0.36328125,0.01171875
